period,vintage,value,label,preliminary
2023-01-01,2026-09-21,120.0,WGA 2020 MBA expires (2023-05-01),
2023-01-02,2026-09-21,119.0,WGA 2020 MBA expires (2023-05-01),
2023-01-03,2026-09-21,118.0,WGA 2020 MBA expires (2023-05-01),
2023-01-04,2026-09-21,117.0,WGA 2020 MBA expires (2023-05-01),
2023-01-05,2026-09-21,116.0,WGA 2020 MBA expires (2023-05-01),
2023-01-06,2026-09-21,115.0,WGA 2020 MBA expires (2023-05-01),
2023-01-07,2026-09-21,114.0,WGA 2020 MBA expires (2023-05-01),
2023-01-08,2026-09-21,113.0,WGA 2020 MBA expires (2023-05-01),
2023-01-09,2026-09-21,112.0,WGA 2020 MBA expires (2023-05-01),
2023-01-10,2026-09-21,111.0,WGA 2020 MBA expires (2023-05-01),
2023-01-11,2026-09-21,110.0,WGA 2020 MBA expires (2023-05-01),
2023-01-12,2026-09-21,109.0,WGA 2020 MBA expires (2023-05-01),
2023-01-13,2026-09-21,108.0,WGA 2020 MBA expires (2023-05-01),
2023-01-14,2026-09-21,107.0,WGA 2020 MBA expires (2023-05-01),
2023-01-15,2026-09-21,106.0,WGA 2020 MBA expires (2023-05-01),
2023-01-16,2026-09-21,105.0,WGA 2020 MBA expires (2023-05-01),
2023-01-17,2026-09-21,104.0,WGA 2020 MBA expires (2023-05-01),
2023-01-18,2026-09-21,103.0,WGA 2020 MBA expires (2023-05-01),
2023-01-19,2026-09-21,102.0,WGA 2020 MBA expires (2023-05-01),
2023-01-20,2026-09-21,101.0,WGA 2020 MBA expires (2023-05-01),
2023-01-21,2026-09-21,100.0,WGA 2020 MBA expires (2023-05-01),
2023-01-22,2026-09-21,99.0,WGA 2020 MBA expires (2023-05-01),
2023-01-23,2026-09-21,98.0,WGA 2020 MBA expires (2023-05-01),
2023-01-24,2026-09-21,97.0,WGA 2020 MBA expires (2023-05-01),
2023-01-25,2026-09-21,96.0,WGA 2020 MBA expires (2023-05-01),
2023-01-26,2026-09-21,95.0,WGA 2020 MBA expires (2023-05-01),
2023-01-27,2026-09-21,94.0,WGA 2020 MBA expires (2023-05-01),
2023-01-28,2026-09-21,93.0,WGA 2020 MBA expires (2023-05-01),
2023-01-29,2026-09-21,92.0,WGA 2020 MBA expires (2023-05-01),
2023-01-30,2026-09-21,91.0,WGA 2020 MBA expires (2023-05-01),
2023-01-31,2026-09-21,90.0,WGA 2020 MBA expires (2023-05-01),
2023-02-01,2026-09-21,89.0,WGA 2020 MBA expires (2023-05-01),
2023-02-02,2026-09-21,88.0,WGA 2020 MBA expires (2023-05-01),
2023-02-03,2026-09-21,87.0,WGA 2020 MBA expires (2023-05-01),
2023-02-04,2026-09-21,86.0,WGA 2020 MBA expires (2023-05-01),
2023-02-05,2026-09-21,85.0,WGA 2020 MBA expires (2023-05-01),
2023-02-06,2026-09-21,84.0,WGA 2020 MBA expires (2023-05-01),
2023-02-07,2026-09-21,83.0,WGA 2020 MBA expires (2023-05-01),
2023-02-08,2026-09-21,82.0,WGA 2020 MBA expires (2023-05-01),
2023-02-09,2026-09-21,81.0,WGA 2020 MBA expires (2023-05-01),
2023-02-10,2026-09-21,80.0,WGA 2020 MBA expires (2023-05-01),
2023-02-11,2026-09-21,79.0,WGA 2020 MBA expires (2023-05-01),
2023-02-12,2026-09-21,78.0,WGA 2020 MBA expires (2023-05-01),
2023-02-13,2026-09-21,77.0,WGA 2020 MBA expires (2023-05-01),
2023-02-14,2026-09-21,76.0,WGA 2020 MBA expires (2023-05-01),
2023-02-15,2026-09-21,75.0,WGA 2020 MBA expires (2023-05-01),
2023-02-16,2026-09-21,74.0,WGA 2020 MBA expires (2023-05-01),
2023-02-17,2026-09-21,73.0,WGA 2020 MBA expires (2023-05-01),
2023-02-18,2026-09-21,72.0,WGA 2020 MBA expires (2023-05-01),
2023-02-19,2026-09-21,71.0,WGA 2020 MBA expires (2023-05-01),
2023-02-20,2026-09-21,70.0,WGA 2020 MBA expires (2023-05-01),
2023-02-21,2026-09-21,69.0,WGA 2020 MBA expires (2023-05-01),
2023-02-22,2026-09-21,68.0,WGA 2020 MBA expires (2023-05-01),
2023-02-23,2026-09-21,67.0,WGA 2020 MBA expires (2023-05-01),
2023-02-24,2026-09-21,66.0,WGA 2020 MBA expires (2023-05-01),
2023-02-25,2026-09-21,65.0,WGA 2020 MBA expires (2023-05-01),
2023-02-26,2026-09-21,64.0,WGA 2020 MBA expires (2023-05-01),
2023-02-27,2026-09-21,63.0,WGA 2020 MBA expires (2023-05-01),
2023-02-28,2026-09-21,62.0,WGA 2020 MBA expires (2023-05-01),
2023-03-01,2026-09-21,61.0,WGA 2020 MBA expires (2023-05-01),
2023-03-02,2026-09-21,60.0,WGA 2020 MBA expires (2023-05-01),
2023-03-03,2026-09-21,59.0,WGA 2020 MBA expires (2023-05-01),
2023-03-04,2026-09-21,58.0,WGA 2020 MBA expires (2023-05-01),
2023-03-05,2026-09-21,57.0,WGA 2020 MBA expires (2023-05-01),
2023-03-06,2026-09-21,56.0,WGA 2020 MBA expires (2023-05-01),
2023-03-07,2026-09-21,55.0,WGA 2020 MBA expires (2023-05-01),
2023-03-08,2026-09-21,54.0,WGA 2020 MBA expires (2023-05-01),
2023-03-09,2026-09-21,53.0,WGA 2020 MBA expires (2023-05-01),
2023-03-10,2026-09-21,52.0,WGA 2020 MBA expires (2023-05-01),
2023-03-11,2026-09-21,51.0,WGA 2020 MBA expires (2023-05-01),
2023-03-12,2026-09-21,50.0,WGA 2020 MBA expires (2023-05-01),
2023-03-13,2026-09-21,49.0,WGA 2020 MBA expires (2023-05-01),
2023-03-14,2026-09-21,48.0,WGA 2020 MBA expires (2023-05-01),
2023-03-15,2026-09-21,47.0,WGA 2020 MBA expires (2023-05-01),
2023-03-16,2026-09-21,46.0,WGA 2020 MBA expires (2023-05-01),
2023-03-17,2026-09-21,45.0,WGA 2020 MBA expires (2023-05-01),
2023-03-18,2026-09-21,44.0,WGA 2020 MBA expires (2023-05-01),
2023-03-19,2026-09-21,43.0,WGA 2020 MBA expires (2023-05-01),
2023-03-20,2026-09-21,42.0,WGA 2020 MBA expires (2023-05-01),
2023-03-21,2026-09-21,41.0,WGA 2020 MBA expires (2023-05-01),
2023-03-22,2026-09-21,40.0,WGA 2020 MBA expires (2023-05-01),
2023-03-23,2026-09-21,39.0,WGA 2020 MBA expires (2023-05-01),
2023-03-24,2026-09-21,38.0,WGA 2020 MBA expires (2023-05-01),
2023-03-25,2026-09-21,37.0,WGA 2020 MBA expires (2023-05-01),
2023-03-26,2026-09-21,36.0,WGA 2020 MBA expires (2023-05-01),
2023-03-27,2026-09-21,35.0,WGA 2020 MBA expires (2023-05-01),
2023-03-28,2026-09-21,34.0,WGA 2020 MBA expires (2023-05-01),
2023-03-29,2026-09-21,33.0,WGA 2020 MBA expires (2023-05-01),
2023-03-30,2026-09-21,32.0,WGA 2020 MBA expires (2023-05-01),
2023-03-31,2026-09-21,31.0,WGA 2020 MBA expires (2023-05-01),
2023-04-01,2026-09-21,30.0,WGA 2020 MBA expires (2023-05-01),
2023-04-02,2026-09-21,29.0,WGA 2020 MBA expires (2023-05-01),
2023-04-03,2026-09-21,28.0,WGA 2020 MBA expires (2023-05-01),
2023-04-04,2026-09-21,27.0,WGA 2020 MBA expires (2023-05-01),
2023-04-05,2026-09-21,26.0,WGA 2020 MBA expires (2023-05-01),
2023-04-06,2026-09-21,25.0,WGA 2020 MBA expires (2023-05-01),
2023-04-07,2026-09-21,24.0,WGA 2020 MBA expires (2023-05-01),
2023-04-08,2026-09-21,23.0,WGA 2020 MBA expires (2023-05-01),
2023-04-09,2026-09-21,22.0,WGA 2020 MBA expires (2023-05-01),
2023-04-10,2026-09-21,21.0,WGA 2020 MBA expires (2023-05-01),
2023-04-11,2026-09-21,20.0,WGA 2020 MBA expires (2023-05-01),
2023-04-12,2026-09-21,19.0,WGA 2020 MBA expires (2023-05-01),
2023-04-13,2026-09-21,18.0,WGA 2020 MBA expires (2023-05-01),
2023-04-14,2026-09-21,17.0,WGA 2020 MBA expires (2023-05-01),
2023-04-15,2026-09-21,16.0,WGA 2020 MBA expires (2023-05-01),
2023-04-16,2026-09-21,15.0,WGA 2020 MBA expires (2023-05-01),
2023-04-17,2026-09-21,14.0,WGA 2020 MBA expires (2023-05-01),
2023-04-18,2026-09-21,13.0,WGA 2020 MBA expires (2023-05-01),
2023-04-19,2026-09-21,12.0,WGA 2020 MBA expires (2023-05-01),
2023-04-20,2026-09-21,11.0,WGA 2020 MBA expires (2023-05-01),
2023-04-21,2026-09-21,10.0,WGA 2020 MBA expires (2023-05-01),
2023-04-22,2026-09-21,9.0,WGA 2020 MBA expires (2023-05-01),
2023-04-23,2026-09-21,8.0,WGA 2020 MBA expires (2023-05-01),
2023-04-24,2026-09-21,7.0,WGA 2020 MBA expires (2023-05-01),
2023-04-25,2026-09-21,6.0,WGA 2020 MBA expires (2023-05-01),
2023-04-26,2026-09-21,5.0,WGA 2020 MBA expires (2023-05-01),
2023-04-27,2026-09-21,4.0,WGA 2020 MBA expires (2023-05-01),
2023-04-28,2026-09-21,3.0,WGA 2020 MBA expires (2023-05-01),
2023-04-29,2026-09-21,2.0,WGA 2020 MBA expires (2023-05-01),
2023-04-30,2026-09-21,1.0,WGA 2020 MBA expires (2023-05-01),
2023-05-01,2026-09-21,0.0,WGA 2020 MBA expires (2023-05-01),
2023-05-02,2026-09-21,59.0,SAG-AFTRA 2020 TV/Theatrical contracts expire (2023-06-30),
2023-05-03,2026-09-21,58.0,SAG-AFTRA 2020 TV/Theatrical contracts expire (2023-06-30),
2023-05-04,2026-09-21,57.0,SAG-AFTRA 2020 TV/Theatrical contracts expire (2023-06-30),
2023-05-05,2026-09-21,56.0,SAG-AFTRA 2020 TV/Theatrical contracts expire (2023-06-30),
2023-05-06,2026-09-21,55.0,SAG-AFTRA 2020 TV/Theatrical contracts expire (2023-06-30),
2023-05-07,2026-09-21,54.0,SAG-AFTRA 2020 TV/Theatrical contracts expire (2023-06-30),
2023-05-08,2026-09-21,53.0,SAG-AFTRA 2020 TV/Theatrical contracts expire (2023-06-30),
2023-05-09,2026-09-21,52.0,SAG-AFTRA 2020 TV/Theatrical contracts expire (2023-06-30),
2023-05-10,2026-09-21,51.0,SAG-AFTRA 2020 TV/Theatrical contracts expire (2023-06-30),
2023-05-11,2026-09-21,50.0,SAG-AFTRA 2020 TV/Theatrical contracts expire (2023-06-30),
2023-05-12,2026-09-21,49.0,SAG-AFTRA 2020 TV/Theatrical contracts expire (2023-06-30),
2023-05-13,2026-09-21,48.0,SAG-AFTRA 2020 TV/Theatrical contracts expire (2023-06-30),
2023-05-14,2026-09-21,47.0,SAG-AFTRA 2020 TV/Theatrical contracts expire (2023-06-30),
2023-05-15,2026-09-21,46.0,SAG-AFTRA 2020 TV/Theatrical contracts expire (2023-06-30),
2023-05-16,2026-09-21,45.0,SAG-AFTRA 2020 TV/Theatrical contracts expire (2023-06-30),
2023-05-17,2026-09-21,44.0,SAG-AFTRA 2020 TV/Theatrical contracts expire (2023-06-30),
2023-05-18,2026-09-21,43.0,SAG-AFTRA 2020 TV/Theatrical contracts expire (2023-06-30),
2023-05-19,2026-09-21,42.0,SAG-AFTRA 2020 TV/Theatrical contracts expire (2023-06-30),
2023-05-20,2026-09-21,41.0,SAG-AFTRA 2020 TV/Theatrical contracts expire (2023-06-30),
2023-05-21,2026-09-21,40.0,SAG-AFTRA 2020 TV/Theatrical contracts expire (2023-06-30),
2023-05-22,2026-09-21,39.0,SAG-AFTRA 2020 TV/Theatrical contracts expire (2023-06-30),
2023-05-23,2026-09-21,38.0,SAG-AFTRA 2020 TV/Theatrical contracts expire (2023-06-30),
2023-05-24,2026-09-21,37.0,SAG-AFTRA 2020 TV/Theatrical contracts expire (2023-06-30),
2023-05-25,2026-09-21,36.0,SAG-AFTRA 2020 TV/Theatrical contracts expire (2023-06-30),
2023-05-26,2026-09-21,35.0,SAG-AFTRA 2020 TV/Theatrical contracts expire (2023-06-30),
2023-05-27,2026-09-21,34.0,SAG-AFTRA 2020 TV/Theatrical contracts expire (2023-06-30),
2023-05-28,2026-09-21,33.0,SAG-AFTRA 2020 TV/Theatrical contracts expire (2023-06-30),
2023-05-29,2026-09-21,32.0,SAG-AFTRA 2020 TV/Theatrical contracts expire (2023-06-30),
2023-05-30,2026-09-21,31.0,SAG-AFTRA 2020 TV/Theatrical contracts expire (2023-06-30),
2023-05-31,2026-09-21,30.0,SAG-AFTRA 2020 TV/Theatrical contracts expire (2023-06-30),
2023-06-01,2026-09-21,29.0,SAG-AFTRA 2020 TV/Theatrical contracts expire (2023-06-30),
2023-06-02,2026-09-21,28.0,SAG-AFTRA 2020 TV/Theatrical contracts expire (2023-06-30),
2023-06-03,2026-09-21,27.0,SAG-AFTRA 2020 TV/Theatrical contracts expire (2023-06-30),
2023-06-04,2026-09-21,26.0,SAG-AFTRA 2020 TV/Theatrical contracts expire (2023-06-30),
2023-06-05,2026-09-21,25.0,SAG-AFTRA 2020 TV/Theatrical contracts expire (2023-06-30),
2023-06-06,2026-09-21,24.0,SAG-AFTRA 2020 TV/Theatrical contracts expire (2023-06-30),
2023-06-07,2026-09-21,23.0,SAG-AFTRA 2020 TV/Theatrical contracts expire (2023-06-30),
2023-06-08,2026-09-21,22.0,SAG-AFTRA 2020 TV/Theatrical contracts expire (2023-06-30),
2023-06-09,2026-09-21,21.0,SAG-AFTRA 2020 TV/Theatrical contracts expire (2023-06-30),
2023-06-10,2026-09-21,20.0,SAG-AFTRA 2020 TV/Theatrical contracts expire (2023-06-30),
2023-06-11,2026-09-21,19.0,SAG-AFTRA 2020 TV/Theatrical contracts expire (2023-06-30),
2023-06-12,2026-09-21,18.0,SAG-AFTRA 2020 TV/Theatrical contracts expire (2023-06-30),
2023-06-13,2026-09-21,17.0,SAG-AFTRA 2020 TV/Theatrical contracts expire (2023-06-30),
2023-06-14,2026-09-21,16.0,SAG-AFTRA 2020 TV/Theatrical contracts expire (2023-06-30),
2023-06-15,2026-09-21,15.0,SAG-AFTRA 2020 TV/Theatrical contracts expire (2023-06-30),
2023-06-16,2026-09-21,14.0,SAG-AFTRA 2020 TV/Theatrical contracts expire (2023-06-30),
2023-06-17,2026-09-21,13.0,SAG-AFTRA 2020 TV/Theatrical contracts expire (2023-06-30),
2023-06-18,2026-09-21,12.0,SAG-AFTRA 2020 TV/Theatrical contracts expire (2023-06-30),
2023-06-19,2026-09-21,11.0,SAG-AFTRA 2020 TV/Theatrical contracts expire (2023-06-30),
2023-06-20,2026-09-21,10.0,SAG-AFTRA 2020 TV/Theatrical contracts expire (2023-06-30),
2023-06-21,2026-09-21,9.0,SAG-AFTRA 2020 TV/Theatrical contracts expire (2023-06-30),
2023-06-22,2026-09-21,8.0,SAG-AFTRA 2020 TV/Theatrical contracts expire (2023-06-30),
2023-06-23,2026-09-21,7.0,SAG-AFTRA 2020 TV/Theatrical contracts expire (2023-06-30),
2023-06-24,2026-09-21,6.0,SAG-AFTRA 2020 TV/Theatrical contracts expire (2023-06-30),
2023-06-25,2026-09-21,5.0,SAG-AFTRA 2020 TV/Theatrical contracts expire (2023-06-30),
2023-06-26,2026-09-21,4.0,SAG-AFTRA 2020 TV/Theatrical contracts expire (2023-06-30),
2023-06-27,2026-09-21,3.0,SAG-AFTRA 2020 TV/Theatrical contracts expire (2023-06-30),
2023-06-28,2026-09-21,2.0,SAG-AFTRA 2020 TV/Theatrical contracts expire (2023-06-30),
2023-06-29,2026-09-21,1.0,SAG-AFTRA 2020 TV/Theatrical contracts expire (2023-06-30),
2023-06-30,2026-09-21,0.0,SAG-AFTRA 2020 TV/Theatrical contracts expire (2023-06-30),
2023-07-01,2026-09-21,396.0,IATSE 2021 Hollywood Basic Agreement expires (2024-07-31),
2023-07-02,2026-09-21,395.0,IATSE 2021 Hollywood Basic Agreement expires (2024-07-31),
2023-07-03,2026-09-21,394.0,IATSE 2021 Hollywood Basic Agreement expires (2024-07-31),
2023-07-04,2026-09-21,393.0,IATSE 2021 Hollywood Basic Agreement expires (2024-07-31),
2023-07-05,2026-09-21,392.0,IATSE 2021 Hollywood Basic Agreement expires (2024-07-31),
2023-07-06,2026-09-21,391.0,IATSE 2021 Hollywood Basic Agreement expires (2024-07-31),
2023-07-07,2026-09-21,390.0,IATSE 2021 Hollywood Basic Agreement expires (2024-07-31),
2023-07-08,2026-09-21,389.0,IATSE 2021 Hollywood Basic Agreement expires (2024-07-31),
2023-07-09,2026-09-21,388.0,IATSE 2021 Hollywood Basic Agreement expires (2024-07-31),
2023-07-10,2026-09-21,387.0,IATSE 2021 Hollywood Basic Agreement expires (2024-07-31),
2023-07-11,2026-09-21,386.0,IATSE 2021 Hollywood Basic Agreement expires (2024-07-31),
2023-07-12,2026-09-21,385.0,IATSE 2021 Hollywood Basic Agreement expires (2024-07-31),
2023-07-13,2026-09-21,384.0,IATSE 2021 Hollywood Basic Agreement expires (2024-07-31),
2023-07-14,2026-09-21,383.0,IATSE 2021 Hollywood Basic Agreement expires (2024-07-31),
2023-07-15,2026-09-21,382.0,IATSE 2021 Hollywood Basic Agreement expires (2024-07-31),
2023-07-16,2026-09-21,381.0,IATSE 2021 Hollywood Basic Agreement expires (2024-07-31),
2023-07-17,2026-09-21,380.0,IATSE 2021 Hollywood Basic Agreement expires (2024-07-31),
2023-07-18,2026-09-21,379.0,IATSE 2021 Hollywood Basic Agreement expires (2024-07-31),
2023-07-19,2026-09-21,378.0,IATSE 2021 Hollywood Basic Agreement expires (2024-07-31),
2023-07-20,2026-09-21,377.0,IATSE 2021 Hollywood Basic Agreement expires (2024-07-31),
2023-07-21,2026-09-21,376.0,IATSE 2021 Hollywood Basic Agreement expires (2024-07-31),
2023-07-22,2026-09-21,375.0,IATSE 2021 Hollywood Basic Agreement expires (2024-07-31),
2023-07-23,2026-09-21,374.0,IATSE 2021 Hollywood Basic Agreement expires (2024-07-31),
2023-07-24,2026-09-21,373.0,IATSE 2021 Hollywood Basic Agreement expires (2024-07-31),
2023-07-25,2026-09-21,372.0,IATSE 2021 Hollywood Basic Agreement expires (2024-07-31),
2023-07-26,2026-09-21,371.0,IATSE 2021 Hollywood Basic Agreement expires (2024-07-31),
2023-07-27,2026-09-21,370.0,IATSE 2021 Hollywood Basic Agreement expires (2024-07-31),
2023-07-28,2026-09-21,369.0,IATSE 2021 Hollywood Basic Agreement expires (2024-07-31),
2023-07-29,2026-09-21,368.0,IATSE 2021 Hollywood Basic Agreement expires (2024-07-31),
2023-07-30,2026-09-21,367.0,IATSE 2021 Hollywood Basic Agreement expires (2024-07-31),
2023-07-31,2026-09-21,366.0,IATSE 2021 Hollywood Basic Agreement expires (2024-07-31),
2023-08-01,2026-09-21,365.0,IATSE 2021 Hollywood Basic Agreement expires (2024-07-31),
2023-08-02,2026-09-21,364.0,IATSE 2021 Hollywood Basic Agreement expires (2024-07-31),
2023-08-03,2026-09-21,363.0,IATSE 2021 Hollywood Basic Agreement expires (2024-07-31),
2023-08-04,2026-09-21,362.0,IATSE 2021 Hollywood Basic Agreement expires (2024-07-31),
2023-08-05,2026-09-21,361.0,IATSE 2021 Hollywood Basic Agreement expires (2024-07-31),
2023-08-06,2026-09-21,360.0,IATSE 2021 Hollywood Basic Agreement expires (2024-07-31),
2023-08-07,2026-09-21,359.0,IATSE 2021 Hollywood Basic Agreement expires (2024-07-31),
2023-08-08,2026-09-21,358.0,IATSE 2021 Hollywood Basic Agreement expires (2024-07-31),
2023-08-09,2026-09-21,357.0,IATSE 2021 Hollywood Basic Agreement expires (2024-07-31),
2023-08-10,2026-09-21,356.0,IATSE 2021 Hollywood Basic Agreement expires (2024-07-31),
2023-08-11,2026-09-21,355.0,IATSE 2021 Hollywood Basic Agreement expires (2024-07-31),
2023-08-12,2026-09-21,354.0,IATSE 2021 Hollywood Basic Agreement expires (2024-07-31),
2023-08-13,2026-09-21,353.0,IATSE 2021 Hollywood Basic Agreement expires (2024-07-31),
2023-08-14,2026-09-21,352.0,IATSE 2021 Hollywood Basic Agreement expires (2024-07-31),
2023-08-15,2026-09-21,351.0,IATSE 2021 Hollywood Basic Agreement expires (2024-07-31),
2023-08-16,2026-09-21,350.0,IATSE 2021 Hollywood Basic Agreement expires (2024-07-31),
2023-08-17,2026-09-21,349.0,IATSE 2021 Hollywood Basic Agreement expires (2024-07-31),
2023-08-18,2026-09-21,348.0,IATSE 2021 Hollywood Basic Agreement expires (2024-07-31),
2023-08-19,2026-09-21,347.0,IATSE 2021 Hollywood Basic Agreement expires (2024-07-31),
2023-08-20,2026-09-21,346.0,IATSE 2021 Hollywood Basic Agreement expires (2024-07-31),
2023-08-21,2026-09-21,345.0,IATSE 2021 Hollywood Basic Agreement expires (2024-07-31),
2023-08-22,2026-09-21,344.0,IATSE 2021 Hollywood Basic Agreement expires (2024-07-31),
2023-08-23,2026-09-21,343.0,IATSE 2021 Hollywood Basic Agreement expires (2024-07-31),
2023-08-24,2026-09-21,342.0,IATSE 2021 Hollywood Basic Agreement expires (2024-07-31),
2023-08-25,2026-09-21,341.0,IATSE 2021 Hollywood Basic Agreement expires (2024-07-31),
2023-08-26,2026-09-21,340.0,IATSE 2021 Hollywood Basic Agreement expires (2024-07-31),
2023-08-27,2026-09-21,339.0,IATSE 2021 Hollywood Basic Agreement expires (2024-07-31),
2023-08-28,2026-09-21,338.0,IATSE 2021 Hollywood Basic Agreement expires (2024-07-31),
2023-08-29,2026-09-21,337.0,IATSE 2021 Hollywood Basic Agreement expires (2024-07-31),
2023-08-30,2026-09-21,336.0,IATSE 2021 Hollywood Basic Agreement expires (2024-07-31),
2023-08-31,2026-09-21,335.0,IATSE 2021 Hollywood Basic Agreement expires (2024-07-31),
2023-09-01,2026-09-21,334.0,IATSE 2021 Hollywood Basic Agreement expires (2024-07-31),
2023-09-02,2026-09-21,333.0,IATSE 2021 Hollywood Basic Agreement expires (2024-07-31),
2023-09-03,2026-09-21,332.0,IATSE 2021 Hollywood Basic Agreement expires (2024-07-31),
2023-09-04,2026-09-21,331.0,IATSE 2021 Hollywood Basic Agreement expires (2024-07-31),
2023-09-05,2026-09-21,330.0,IATSE 2021 Hollywood Basic Agreement expires (2024-07-31),
2023-09-06,2026-09-21,329.0,IATSE 2021 Hollywood Basic Agreement expires (2024-07-31),
2023-09-07,2026-09-21,328.0,IATSE 2021 Hollywood Basic Agreement expires (2024-07-31),
2023-09-08,2026-09-21,327.0,IATSE 2021 Hollywood Basic Agreement expires (2024-07-31),
2023-09-09,2026-09-21,326.0,IATSE 2021 Hollywood Basic Agreement expires (2024-07-31),
2023-09-10,2026-09-21,325.0,IATSE 2021 Hollywood Basic Agreement expires (2024-07-31),
2023-09-11,2026-09-21,324.0,IATSE 2021 Hollywood Basic Agreement expires (2024-07-31),
2023-09-12,2026-09-21,323.0,IATSE 2021 Hollywood Basic Agreement expires (2024-07-31),
2023-09-13,2026-09-21,322.0,IATSE 2021 Hollywood Basic Agreement expires (2024-07-31),
2023-09-14,2026-09-21,321.0,IATSE 2021 Hollywood Basic Agreement expires (2024-07-31),
2023-09-15,2026-09-21,320.0,IATSE 2021 Hollywood Basic Agreement expires (2024-07-31),
2023-09-16,2026-09-21,319.0,IATSE 2021 Hollywood Basic Agreement expires (2024-07-31),
2023-09-17,2026-09-21,318.0,IATSE 2021 Hollywood Basic Agreement expires (2024-07-31),
2023-09-18,2026-09-21,317.0,IATSE 2021 Hollywood Basic Agreement expires (2024-07-31),
2023-09-19,2026-09-21,316.0,IATSE 2021 Hollywood Basic Agreement expires (2024-07-31),
2023-09-20,2026-09-21,315.0,IATSE 2021 Hollywood Basic Agreement expires (2024-07-31),
2023-09-21,2026-09-21,314.0,IATSE 2021 Hollywood Basic Agreement expires (2024-07-31),
2023-09-22,2026-09-21,313.0,IATSE 2021 Hollywood Basic Agreement expires (2024-07-31),
2023-09-23,2026-09-21,312.0,IATSE 2021 Hollywood Basic Agreement expires (2024-07-31),
2023-09-24,2026-09-21,311.0,IATSE 2021 Hollywood Basic Agreement expires (2024-07-31),
2023-09-25,2026-09-21,310.0,IATSE 2021 Hollywood Basic Agreement expires (2024-07-31),
2023-09-26,2026-09-21,309.0,IATSE 2021 Hollywood Basic Agreement expires (2024-07-31),
2023-09-27,2026-09-21,308.0,IATSE 2021 Hollywood Basic Agreement expires (2024-07-31),
2023-09-28,2026-09-21,307.0,IATSE 2021 Hollywood Basic Agreement expires (2024-07-31),
2023-09-29,2026-09-21,306.0,IATSE 2021 Hollywood Basic Agreement expires (2024-07-31),
2023-09-30,2026-09-21,305.0,IATSE 2021 Hollywood Basic Agreement expires (2024-07-31),
2023-10-01,2026-09-21,304.0,IATSE 2021 Hollywood Basic Agreement expires (2024-07-31),
2023-10-02,2026-09-21,303.0,IATSE 2021 Hollywood Basic Agreement expires (2024-07-31),
2023-10-03,2026-09-21,302.0,IATSE 2021 Hollywood Basic Agreement expires (2024-07-31),
2023-10-04,2026-09-21,301.0,IATSE 2021 Hollywood Basic Agreement expires (2024-07-31),
2023-10-05,2026-09-21,300.0,IATSE 2021 Hollywood Basic Agreement expires (2024-07-31),
2023-10-06,2026-09-21,299.0,IATSE 2021 Hollywood Basic Agreement expires (2024-07-31),
2023-10-07,2026-09-21,298.0,IATSE 2021 Hollywood Basic Agreement expires (2024-07-31),
2023-10-08,2026-09-21,297.0,IATSE 2021 Hollywood Basic Agreement expires (2024-07-31),
2023-10-09,2026-09-21,296.0,IATSE 2021 Hollywood Basic Agreement expires (2024-07-31),
2023-10-10,2026-09-21,295.0,IATSE 2021 Hollywood Basic Agreement expires (2024-07-31),
2023-10-11,2026-09-21,294.0,IATSE 2021 Hollywood Basic Agreement expires (2024-07-31),
2023-10-12,2026-09-21,293.0,IATSE 2021 Hollywood Basic Agreement expires (2024-07-31),
2023-10-13,2026-09-21,292.0,IATSE 2021 Hollywood Basic Agreement expires (2024-07-31),
2023-10-14,2026-09-21,291.0,IATSE 2021 Hollywood Basic Agreement expires (2024-07-31),
2023-10-15,2026-09-21,290.0,IATSE 2021 Hollywood Basic Agreement expires (2024-07-31),
2023-10-16,2026-09-21,289.0,IATSE 2021 Hollywood Basic Agreement expires (2024-07-31),
2023-10-17,2026-09-21,288.0,IATSE 2021 Hollywood Basic Agreement expires (2024-07-31),
2023-10-18,2026-09-21,287.0,IATSE 2021 Hollywood Basic Agreement expires (2024-07-31),
2023-10-19,2026-09-21,286.0,IATSE 2021 Hollywood Basic Agreement expires (2024-07-31),
2023-10-20,2026-09-21,285.0,IATSE 2021 Hollywood Basic Agreement expires (2024-07-31),
2023-10-21,2026-09-21,284.0,IATSE 2021 Hollywood Basic Agreement expires (2024-07-31),
2023-10-22,2026-09-21,283.0,IATSE 2021 Hollywood Basic Agreement expires (2024-07-31),
2023-10-23,2026-09-21,282.0,IATSE 2021 Hollywood Basic Agreement expires (2024-07-31),
2023-10-24,2026-09-21,281.0,IATSE 2021 Hollywood Basic Agreement expires (2024-07-31),
2023-10-25,2026-09-21,280.0,IATSE 2021 Hollywood Basic Agreement expires (2024-07-31),
2023-10-26,2026-09-21,279.0,IATSE 2021 Hollywood Basic Agreement expires (2024-07-31),
2023-10-27,2026-09-21,278.0,IATSE 2021 Hollywood Basic Agreement expires (2024-07-31),
2023-10-28,2026-09-21,277.0,IATSE 2021 Hollywood Basic Agreement expires (2024-07-31),
2023-10-29,2026-09-21,276.0,IATSE 2021 Hollywood Basic Agreement expires (2024-07-31),
2023-10-30,2026-09-21,275.0,IATSE 2021 Hollywood Basic Agreement expires (2024-07-31),
2023-10-31,2026-09-21,274.0,IATSE 2021 Hollywood Basic Agreement expires (2024-07-31),
2023-11-01,2026-09-21,273.0,IATSE 2021 Hollywood Basic Agreement expires (2024-07-31),
2023-11-02,2026-09-21,272.0,IATSE 2021 Hollywood Basic Agreement expires (2024-07-31),
2023-11-03,2026-09-21,271.0,IATSE 2021 Hollywood Basic Agreement expires (2024-07-31),
2023-11-04,2026-09-21,270.0,IATSE 2021 Hollywood Basic Agreement expires (2024-07-31),
2023-11-05,2026-09-21,269.0,IATSE 2021 Hollywood Basic Agreement expires (2024-07-31),
2023-11-06,2026-09-21,268.0,IATSE 2021 Hollywood Basic Agreement expires (2024-07-31),
2023-11-07,2026-09-21,267.0,IATSE 2021 Hollywood Basic Agreement expires (2024-07-31),
2023-11-08,2026-09-21,266.0,IATSE 2021 Hollywood Basic Agreement expires (2024-07-31),
2023-11-09,2026-09-21,265.0,IATSE 2021 Hollywood Basic Agreement expires (2024-07-31),
2023-11-10,2026-09-21,264.0,IATSE 2021 Hollywood Basic Agreement expires (2024-07-31),
2023-11-11,2026-09-21,263.0,IATSE 2021 Hollywood Basic Agreement expires (2024-07-31),
2023-11-12,2026-09-21,262.0,IATSE 2021 Hollywood Basic Agreement expires (2024-07-31),
2023-11-13,2026-09-21,261.0,IATSE 2021 Hollywood Basic Agreement expires (2024-07-31),
2023-11-14,2026-09-21,260.0,IATSE 2021 Hollywood Basic Agreement expires (2024-07-31),
2023-11-15,2026-09-21,259.0,IATSE 2021 Hollywood Basic Agreement expires (2024-07-31),
2023-11-16,2026-09-21,258.0,IATSE 2021 Hollywood Basic Agreement expires (2024-07-31),
2023-11-17,2026-09-21,257.0,IATSE 2021 Hollywood Basic Agreement expires (2024-07-31),
2023-11-18,2026-09-21,256.0,IATSE 2021 Hollywood Basic Agreement expires (2024-07-31),
2023-11-19,2026-09-21,255.0,IATSE 2021 Hollywood Basic Agreement expires (2024-07-31),
2023-11-20,2026-09-21,254.0,IATSE 2021 Hollywood Basic Agreement expires (2024-07-31),
2023-11-21,2026-09-21,253.0,IATSE 2021 Hollywood Basic Agreement expires (2024-07-31),
2023-11-22,2026-09-21,252.0,IATSE 2021 Hollywood Basic Agreement expires (2024-07-31),
2023-11-23,2026-09-21,251.0,IATSE 2021 Hollywood Basic Agreement expires (2024-07-31),
2023-11-24,2026-09-21,250.0,IATSE 2021 Hollywood Basic Agreement expires (2024-07-31),
2023-11-25,2026-09-21,249.0,IATSE 2021 Hollywood Basic Agreement expires (2024-07-31),
2023-11-26,2026-09-21,248.0,IATSE 2021 Hollywood Basic Agreement expires (2024-07-31),
2023-11-27,2026-09-21,247.0,IATSE 2021 Hollywood Basic Agreement expires (2024-07-31),
2023-11-28,2026-09-21,246.0,IATSE 2021 Hollywood Basic Agreement expires (2024-07-31),
2023-11-29,2026-09-21,245.0,IATSE 2021 Hollywood Basic Agreement expires (2024-07-31),
2023-11-30,2026-09-21,244.0,IATSE 2021 Hollywood Basic Agreement expires (2024-07-31),
2023-12-01,2026-09-21,243.0,IATSE 2021 Hollywood Basic Agreement expires (2024-07-31),
2023-12-02,2026-09-21,242.0,IATSE 2021 Hollywood Basic Agreement expires (2024-07-31),
2023-12-03,2026-09-21,241.0,IATSE 2021 Hollywood Basic Agreement expires (2024-07-31),
2023-12-04,2026-09-21,240.0,IATSE 2021 Hollywood Basic Agreement expires (2024-07-31),
2023-12-05,2026-09-21,239.0,IATSE 2021 Hollywood Basic Agreement expires (2024-07-31),
2023-12-06,2026-09-21,238.0,IATSE 2021 Hollywood Basic Agreement expires (2024-07-31),
2023-12-07,2026-09-21,237.0,IATSE 2021 Hollywood Basic Agreement expires (2024-07-31),
2023-12-08,2026-09-21,236.0,IATSE 2021 Hollywood Basic Agreement expires (2024-07-31),
2023-12-09,2026-09-21,235.0,IATSE 2021 Hollywood Basic Agreement expires (2024-07-31),
2023-12-10,2026-09-21,234.0,IATSE 2021 Hollywood Basic Agreement expires (2024-07-31),
2023-12-11,2026-09-21,233.0,IATSE 2021 Hollywood Basic Agreement expires (2024-07-31),
2023-12-12,2026-09-21,232.0,IATSE 2021 Hollywood Basic Agreement expires (2024-07-31),
2023-12-13,2026-09-21,231.0,IATSE 2021 Hollywood Basic Agreement expires (2024-07-31),
2023-12-14,2026-09-21,230.0,IATSE 2021 Hollywood Basic Agreement expires (2024-07-31),
2023-12-15,2026-09-21,229.0,IATSE 2021 Hollywood Basic Agreement expires (2024-07-31),
2023-12-16,2026-09-21,228.0,IATSE 2021 Hollywood Basic Agreement expires (2024-07-31),
2023-12-17,2026-09-21,227.0,IATSE 2021 Hollywood Basic Agreement expires (2024-07-31),
2023-12-18,2026-09-21,226.0,IATSE 2021 Hollywood Basic Agreement expires (2024-07-31),
2023-12-19,2026-09-21,225.0,IATSE 2021 Hollywood Basic Agreement expires (2024-07-31),
2023-12-20,2026-09-21,224.0,IATSE 2021 Hollywood Basic Agreement expires (2024-07-31),
2023-12-21,2026-09-21,223.0,IATSE 2021 Hollywood Basic Agreement expires (2024-07-31),
2023-12-22,2026-09-21,222.0,IATSE 2021 Hollywood Basic Agreement expires (2024-07-31),
2023-12-23,2026-09-21,221.0,IATSE 2021 Hollywood Basic Agreement expires (2024-07-31),
2023-12-24,2026-09-21,220.0,IATSE 2021 Hollywood Basic Agreement expires (2024-07-31),
2023-12-25,2026-09-21,219.0,IATSE 2021 Hollywood Basic Agreement expires (2024-07-31),
2023-12-26,2026-09-21,218.0,IATSE 2021 Hollywood Basic Agreement expires (2024-07-31),
2023-12-27,2026-09-21,217.0,IATSE 2021 Hollywood Basic Agreement expires (2024-07-31),
2023-12-28,2026-09-21,216.0,IATSE 2021 Hollywood Basic Agreement expires (2024-07-31),
2023-12-29,2026-09-21,215.0,IATSE 2021 Hollywood Basic Agreement expires (2024-07-31),
2023-12-30,2026-09-21,214.0,IATSE 2021 Hollywood Basic Agreement expires (2024-07-31),
2023-12-31,2026-09-21,213.0,IATSE 2021 Hollywood Basic Agreement expires (2024-07-31),
2024-01-01,2026-09-21,212.0,IATSE 2021 Hollywood Basic Agreement expires (2024-07-31),
2024-01-02,2026-09-21,211.0,IATSE 2021 Hollywood Basic Agreement expires (2024-07-31),
2024-01-03,2026-09-21,210.0,IATSE 2021 Hollywood Basic Agreement expires (2024-07-31),
2024-01-04,2026-09-21,209.0,IATSE 2021 Hollywood Basic Agreement expires (2024-07-31),
2024-01-05,2026-09-21,208.0,IATSE 2021 Hollywood Basic Agreement expires (2024-07-31),
2024-01-06,2026-09-21,207.0,IATSE 2021 Hollywood Basic Agreement expires (2024-07-31),
2024-01-07,2026-09-21,206.0,IATSE 2021 Hollywood Basic Agreement expires (2024-07-31),
2024-01-08,2026-09-21,205.0,IATSE 2021 Hollywood Basic Agreement expires (2024-07-31),
2024-01-09,2026-09-21,204.0,IATSE 2021 Hollywood Basic Agreement expires (2024-07-31),
2024-01-10,2026-09-21,203.0,IATSE 2021 Hollywood Basic Agreement expires (2024-07-31),
2024-01-11,2026-09-21,202.0,IATSE 2021 Hollywood Basic Agreement expires (2024-07-31),
2024-01-12,2026-09-21,201.0,IATSE 2021 Hollywood Basic Agreement expires (2024-07-31),
2024-01-13,2026-09-21,200.0,IATSE 2021 Hollywood Basic Agreement expires (2024-07-31),
2024-01-14,2026-09-21,199.0,IATSE 2021 Hollywood Basic Agreement expires (2024-07-31),
2024-01-15,2026-09-21,198.0,IATSE 2021 Hollywood Basic Agreement expires (2024-07-31),
2024-01-16,2026-09-21,197.0,IATSE 2021 Hollywood Basic Agreement expires (2024-07-31),
2024-01-17,2026-09-21,196.0,IATSE 2021 Hollywood Basic Agreement expires (2024-07-31),
2024-01-18,2026-09-21,195.0,IATSE 2021 Hollywood Basic Agreement expires (2024-07-31),
2024-01-19,2026-09-21,194.0,IATSE 2021 Hollywood Basic Agreement expires (2024-07-31),
2024-01-20,2026-09-21,193.0,IATSE 2021 Hollywood Basic Agreement expires (2024-07-31),
2024-01-21,2026-09-21,192.0,IATSE 2021 Hollywood Basic Agreement expires (2024-07-31),
2024-01-22,2026-09-21,191.0,IATSE 2021 Hollywood Basic Agreement expires (2024-07-31),
2024-01-23,2026-09-21,190.0,IATSE 2021 Hollywood Basic Agreement expires (2024-07-31),
2024-01-24,2026-09-21,189.0,IATSE 2021 Hollywood Basic Agreement expires (2024-07-31),
2024-01-25,2026-09-21,188.0,IATSE 2021 Hollywood Basic Agreement expires (2024-07-31),
2024-01-26,2026-09-21,187.0,IATSE 2021 Hollywood Basic Agreement expires (2024-07-31),
2024-01-27,2026-09-21,186.0,IATSE 2021 Hollywood Basic Agreement expires (2024-07-31),
2024-01-28,2026-09-21,185.0,IATSE 2021 Hollywood Basic Agreement expires (2024-07-31),
2024-01-29,2026-09-21,184.0,IATSE 2021 Hollywood Basic Agreement expires (2024-07-31),
2024-01-30,2026-09-21,183.0,IATSE 2021 Hollywood Basic Agreement expires (2024-07-31),
2024-01-31,2026-09-21,182.0,IATSE 2021 Hollywood Basic Agreement expires (2024-07-31),
2024-02-01,2026-09-21,181.0,IATSE 2021 Hollywood Basic Agreement expires (2024-07-31),
2024-02-02,2026-09-21,180.0,IATSE 2021 Hollywood Basic Agreement expires (2024-07-31),
2024-02-03,2026-09-21,179.0,IATSE 2021 Hollywood Basic Agreement expires (2024-07-31),
2024-02-04,2026-09-21,178.0,IATSE 2021 Hollywood Basic Agreement expires (2024-07-31),
2024-02-05,2026-09-21,177.0,IATSE 2021 Hollywood Basic Agreement expires (2024-07-31),
2024-02-06,2026-09-21,176.0,IATSE 2021 Hollywood Basic Agreement expires (2024-07-31),
2024-02-07,2026-09-21,175.0,IATSE 2021 Hollywood Basic Agreement expires (2024-07-31),
2024-02-08,2026-09-21,174.0,IATSE 2021 Hollywood Basic Agreement expires (2024-07-31),
2024-02-09,2026-09-21,173.0,IATSE 2021 Hollywood Basic Agreement expires (2024-07-31),
2024-02-10,2026-09-21,172.0,IATSE 2021 Hollywood Basic Agreement expires (2024-07-31),
2024-02-11,2026-09-21,171.0,IATSE 2021 Hollywood Basic Agreement expires (2024-07-31),
2024-02-12,2026-09-21,170.0,IATSE 2021 Hollywood Basic Agreement expires (2024-07-31),
2024-02-13,2026-09-21,169.0,IATSE 2021 Hollywood Basic Agreement expires (2024-07-31),
2024-02-14,2026-09-21,168.0,IATSE 2021 Hollywood Basic Agreement expires (2024-07-31),
2024-02-15,2026-09-21,167.0,IATSE 2021 Hollywood Basic Agreement expires (2024-07-31),
2024-02-16,2026-09-21,166.0,IATSE 2021 Hollywood Basic Agreement expires (2024-07-31),
2024-02-17,2026-09-21,165.0,IATSE 2021 Hollywood Basic Agreement expires (2024-07-31),
2024-02-18,2026-09-21,164.0,IATSE 2021 Hollywood Basic Agreement expires (2024-07-31),
2024-02-19,2026-09-21,163.0,IATSE 2021 Hollywood Basic Agreement expires (2024-07-31),
2024-02-20,2026-09-21,162.0,IATSE 2021 Hollywood Basic Agreement expires (2024-07-31),
2024-02-21,2026-09-21,161.0,IATSE 2021 Hollywood Basic Agreement expires (2024-07-31),
2024-02-22,2026-09-21,160.0,IATSE 2021 Hollywood Basic Agreement expires (2024-07-31),
2024-02-23,2026-09-21,159.0,IATSE 2021 Hollywood Basic Agreement expires (2024-07-31),
2024-02-24,2026-09-21,158.0,IATSE 2021 Hollywood Basic Agreement expires (2024-07-31),
2024-02-25,2026-09-21,157.0,IATSE 2021 Hollywood Basic Agreement expires (2024-07-31),
2024-02-26,2026-09-21,156.0,IATSE 2021 Hollywood Basic Agreement expires (2024-07-31),
2024-02-27,2026-09-21,155.0,IATSE 2021 Hollywood Basic Agreement expires (2024-07-31),
2024-02-28,2026-09-21,154.0,IATSE 2021 Hollywood Basic Agreement expires (2024-07-31),
2024-02-29,2026-09-21,153.0,IATSE 2021 Hollywood Basic Agreement expires (2024-07-31),
2024-03-01,2026-09-21,152.0,IATSE 2021 Hollywood Basic Agreement expires (2024-07-31),
2024-03-02,2026-09-21,151.0,IATSE 2021 Hollywood Basic Agreement expires (2024-07-31),
2024-03-03,2026-09-21,150.0,IATSE 2021 Hollywood Basic Agreement expires (2024-07-31),
2024-03-04,2026-09-21,149.0,IATSE 2021 Hollywood Basic Agreement expires (2024-07-31),
2024-03-05,2026-09-21,148.0,IATSE 2021 Hollywood Basic Agreement expires (2024-07-31),
2024-03-06,2026-09-21,147.0,IATSE 2021 Hollywood Basic Agreement expires (2024-07-31),
2024-03-07,2026-09-21,146.0,IATSE 2021 Hollywood Basic Agreement expires (2024-07-31),
2024-03-08,2026-09-21,145.0,IATSE 2021 Hollywood Basic Agreement expires (2024-07-31),
2024-03-09,2026-09-21,144.0,IATSE 2021 Hollywood Basic Agreement expires (2024-07-31),
2024-03-10,2026-09-21,143.0,IATSE 2021 Hollywood Basic Agreement expires (2024-07-31),
2024-03-11,2026-09-21,142.0,IATSE 2021 Hollywood Basic Agreement expires (2024-07-31),
2024-03-12,2026-09-21,141.0,IATSE 2021 Hollywood Basic Agreement expires (2024-07-31),
2024-03-13,2026-09-21,140.0,IATSE 2021 Hollywood Basic Agreement expires (2024-07-31),
2024-03-14,2026-09-21,139.0,IATSE 2021 Hollywood Basic Agreement expires (2024-07-31),
2024-03-15,2026-09-21,138.0,IATSE 2021 Hollywood Basic Agreement expires (2024-07-31),
2024-03-16,2026-09-21,137.0,IATSE 2021 Hollywood Basic Agreement expires (2024-07-31),
2024-03-17,2026-09-21,136.0,IATSE 2021 Hollywood Basic Agreement expires (2024-07-31),
2024-03-18,2026-09-21,135.0,IATSE 2021 Hollywood Basic Agreement expires (2024-07-31),
2024-03-19,2026-09-21,134.0,IATSE 2021 Hollywood Basic Agreement expires (2024-07-31),
2024-03-20,2026-09-21,133.0,IATSE 2021 Hollywood Basic Agreement expires (2024-07-31),
2024-03-21,2026-09-21,132.0,IATSE 2021 Hollywood Basic Agreement expires (2024-07-31),
2024-03-22,2026-09-21,131.0,IATSE 2021 Hollywood Basic Agreement expires (2024-07-31),
2024-03-23,2026-09-21,130.0,IATSE 2021 Hollywood Basic Agreement expires (2024-07-31),
2024-03-24,2026-09-21,129.0,IATSE 2021 Hollywood Basic Agreement expires (2024-07-31),
2024-03-25,2026-09-21,128.0,IATSE 2021 Hollywood Basic Agreement expires (2024-07-31),
2024-03-26,2026-09-21,127.0,IATSE 2021 Hollywood Basic Agreement expires (2024-07-31),
2024-03-27,2026-09-21,126.0,IATSE 2021 Hollywood Basic Agreement expires (2024-07-31),
2024-03-28,2026-09-21,125.0,IATSE 2021 Hollywood Basic Agreement expires (2024-07-31),
2024-03-29,2026-09-21,124.0,IATSE 2021 Hollywood Basic Agreement expires (2024-07-31),
2024-03-30,2026-09-21,123.0,IATSE 2021 Hollywood Basic Agreement expires (2024-07-31),
2024-03-31,2026-09-21,122.0,IATSE 2021 Hollywood Basic Agreement expires (2024-07-31),
2024-04-01,2026-09-21,121.0,IATSE 2021 Hollywood Basic Agreement expires (2024-07-31),
2024-04-02,2026-09-21,120.0,IATSE 2021 Hollywood Basic Agreement expires (2024-07-31),
2024-04-03,2026-09-21,119.0,IATSE 2021 Hollywood Basic Agreement expires (2024-07-31),
2024-04-04,2026-09-21,118.0,IATSE 2021 Hollywood Basic Agreement expires (2024-07-31),
2024-04-05,2026-09-21,117.0,IATSE 2021 Hollywood Basic Agreement expires (2024-07-31),
2024-04-06,2026-09-21,116.0,IATSE 2021 Hollywood Basic Agreement expires (2024-07-31),
2024-04-07,2026-09-21,115.0,IATSE 2021 Hollywood Basic Agreement expires (2024-07-31),
2024-04-08,2026-09-21,114.0,IATSE 2021 Hollywood Basic Agreement expires (2024-07-31),
2024-04-09,2026-09-21,113.0,IATSE 2021 Hollywood Basic Agreement expires (2024-07-31),
2024-04-10,2026-09-21,112.0,IATSE 2021 Hollywood Basic Agreement expires (2024-07-31),
2024-04-11,2026-09-21,111.0,IATSE 2021 Hollywood Basic Agreement expires (2024-07-31),
2024-04-12,2026-09-21,110.0,IATSE 2021 Hollywood Basic Agreement expires (2024-07-31),
2024-04-13,2026-09-21,109.0,IATSE 2021 Hollywood Basic Agreement expires (2024-07-31),
2024-04-14,2026-09-21,108.0,IATSE 2021 Hollywood Basic Agreement expires (2024-07-31),
2024-04-15,2026-09-21,107.0,IATSE 2021 Hollywood Basic Agreement expires (2024-07-31),
2024-04-16,2026-09-21,106.0,IATSE 2021 Hollywood Basic Agreement expires (2024-07-31),
2024-04-17,2026-09-21,105.0,IATSE 2021 Hollywood Basic Agreement expires (2024-07-31),
2024-04-18,2026-09-21,104.0,IATSE 2021 Hollywood Basic Agreement expires (2024-07-31),
2024-04-19,2026-09-21,103.0,IATSE 2021 Hollywood Basic Agreement expires (2024-07-31),
2024-04-20,2026-09-21,102.0,IATSE 2021 Hollywood Basic Agreement expires (2024-07-31),
2024-04-21,2026-09-21,101.0,IATSE 2021 Hollywood Basic Agreement expires (2024-07-31),
2024-04-22,2026-09-21,100.0,IATSE 2021 Hollywood Basic Agreement expires (2024-07-31),
2024-04-23,2026-09-21,99.0,IATSE 2021 Hollywood Basic Agreement expires (2024-07-31),
2024-04-24,2026-09-21,98.0,IATSE 2021 Hollywood Basic Agreement expires (2024-07-31),
2024-04-25,2026-09-21,97.0,IATSE 2021 Hollywood Basic Agreement expires (2024-07-31),
2024-04-26,2026-09-21,96.0,IATSE 2021 Hollywood Basic Agreement expires (2024-07-31),
2024-04-27,2026-09-21,95.0,IATSE 2021 Hollywood Basic Agreement expires (2024-07-31),
2024-04-28,2026-09-21,94.0,IATSE 2021 Hollywood Basic Agreement expires (2024-07-31),
2024-04-29,2026-09-21,93.0,IATSE 2021 Hollywood Basic Agreement expires (2024-07-31),
2024-04-30,2026-09-21,92.0,IATSE 2021 Hollywood Basic Agreement expires (2024-07-31),
2024-05-01,2026-09-21,91.0,IATSE 2021 Hollywood Basic Agreement expires (2024-07-31),
2024-05-02,2026-09-21,90.0,IATSE 2021 Hollywood Basic Agreement expires (2024-07-31),
2024-05-03,2026-09-21,89.0,IATSE 2021 Hollywood Basic Agreement expires (2024-07-31),
2024-05-04,2026-09-21,88.0,IATSE 2021 Hollywood Basic Agreement expires (2024-07-31),
2024-05-05,2026-09-21,87.0,IATSE 2021 Hollywood Basic Agreement expires (2024-07-31),
2024-05-06,2026-09-21,86.0,IATSE 2021 Hollywood Basic Agreement expires (2024-07-31),
2024-05-07,2026-09-21,85.0,IATSE 2021 Hollywood Basic Agreement expires (2024-07-31),
2024-05-08,2026-09-21,84.0,IATSE 2021 Hollywood Basic Agreement expires (2024-07-31),
2024-05-09,2026-09-21,83.0,IATSE 2021 Hollywood Basic Agreement expires (2024-07-31),
2024-05-10,2026-09-21,82.0,IATSE 2021 Hollywood Basic Agreement expires (2024-07-31),
2024-05-11,2026-09-21,81.0,IATSE 2021 Hollywood Basic Agreement expires (2024-07-31),
2024-05-12,2026-09-21,80.0,IATSE 2021 Hollywood Basic Agreement expires (2024-07-31),
2024-05-13,2026-09-21,79.0,IATSE 2021 Hollywood Basic Agreement expires (2024-07-31),
2024-05-14,2026-09-21,78.0,IATSE 2021 Hollywood Basic Agreement expires (2024-07-31),
2024-05-15,2026-09-21,77.0,IATSE 2021 Hollywood Basic Agreement expires (2024-07-31),
2024-05-16,2026-09-21,76.0,IATSE 2021 Hollywood Basic Agreement expires (2024-07-31),
2024-05-17,2026-09-21,75.0,IATSE 2021 Hollywood Basic Agreement expires (2024-07-31),
2024-05-18,2026-09-21,74.0,IATSE 2021 Hollywood Basic Agreement expires (2024-07-31),
2024-05-19,2026-09-21,73.0,IATSE 2021 Hollywood Basic Agreement expires (2024-07-31),
2024-05-20,2026-09-21,72.0,IATSE 2021 Hollywood Basic Agreement expires (2024-07-31),
2024-05-21,2026-09-21,71.0,IATSE 2021 Hollywood Basic Agreement expires (2024-07-31),
2024-05-22,2026-09-21,70.0,IATSE 2021 Hollywood Basic Agreement expires (2024-07-31),
2024-05-23,2026-09-21,69.0,IATSE 2021 Hollywood Basic Agreement expires (2024-07-31),
2024-05-24,2026-09-21,68.0,IATSE 2021 Hollywood Basic Agreement expires (2024-07-31),
2024-05-25,2026-09-21,67.0,IATSE 2021 Hollywood Basic Agreement expires (2024-07-31),
2024-05-26,2026-09-21,66.0,IATSE 2021 Hollywood Basic Agreement expires (2024-07-31),
2024-05-27,2026-09-21,65.0,IATSE 2021 Hollywood Basic Agreement expires (2024-07-31),
2024-05-28,2026-09-21,64.0,IATSE 2021 Hollywood Basic Agreement expires (2024-07-31),
2024-05-29,2026-09-21,63.0,IATSE 2021 Hollywood Basic Agreement expires (2024-07-31),
2024-05-30,2026-09-21,62.0,IATSE 2021 Hollywood Basic Agreement expires (2024-07-31),
2024-05-31,2026-09-21,61.0,IATSE 2021 Hollywood Basic Agreement expires (2024-07-31),
2024-06-01,2026-09-21,60.0,IATSE 2021 Hollywood Basic Agreement expires (2024-07-31),
2024-06-02,2026-09-21,59.0,IATSE 2021 Hollywood Basic Agreement expires (2024-07-31),
2024-06-03,2026-09-21,58.0,IATSE 2021 Hollywood Basic Agreement expires (2024-07-31),
2024-06-04,2026-09-21,57.0,IATSE 2021 Hollywood Basic Agreement expires (2024-07-31),
2024-06-05,2026-09-21,56.0,IATSE 2021 Hollywood Basic Agreement expires (2024-07-31),
2024-06-06,2026-09-21,55.0,IATSE 2021 Hollywood Basic Agreement expires (2024-07-31),
2024-06-07,2026-09-21,54.0,IATSE 2021 Hollywood Basic Agreement expires (2024-07-31),
2024-06-08,2026-09-21,53.0,IATSE 2021 Hollywood Basic Agreement expires (2024-07-31),
2024-06-09,2026-09-21,52.0,IATSE 2021 Hollywood Basic Agreement expires (2024-07-31),
2024-06-10,2026-09-21,51.0,IATSE 2021 Hollywood Basic Agreement expires (2024-07-31),
2024-06-11,2026-09-21,50.0,IATSE 2021 Hollywood Basic Agreement expires (2024-07-31),
2024-06-12,2026-09-21,49.0,IATSE 2021 Hollywood Basic Agreement expires (2024-07-31),
2024-06-13,2026-09-21,48.0,IATSE 2021 Hollywood Basic Agreement expires (2024-07-31),
2024-06-14,2026-09-21,47.0,IATSE 2021 Hollywood Basic Agreement expires (2024-07-31),
2024-06-15,2026-09-21,46.0,IATSE 2021 Hollywood Basic Agreement expires (2024-07-31),
2024-06-16,2026-09-21,45.0,IATSE 2021 Hollywood Basic Agreement expires (2024-07-31),
2024-06-17,2026-09-21,44.0,IATSE 2021 Hollywood Basic Agreement expires (2024-07-31),
2024-06-18,2026-09-21,43.0,IATSE 2021 Hollywood Basic Agreement expires (2024-07-31),
2024-06-19,2026-09-21,42.0,IATSE 2021 Hollywood Basic Agreement expires (2024-07-31),
2024-06-20,2026-09-21,41.0,IATSE 2021 Hollywood Basic Agreement expires (2024-07-31),
2024-06-21,2026-09-21,40.0,IATSE 2021 Hollywood Basic Agreement expires (2024-07-31),
2024-06-22,2026-09-21,39.0,IATSE 2021 Hollywood Basic Agreement expires (2024-07-31),
2024-06-23,2026-09-21,38.0,IATSE 2021 Hollywood Basic Agreement expires (2024-07-31),
2024-06-24,2026-09-21,37.0,IATSE 2021 Hollywood Basic Agreement expires (2024-07-31),
2024-06-25,2026-09-21,36.0,IATSE 2021 Hollywood Basic Agreement expires (2024-07-31),
2024-06-26,2026-09-21,35.0,IATSE 2021 Hollywood Basic Agreement expires (2024-07-31),
2024-06-27,2026-09-21,34.0,IATSE 2021 Hollywood Basic Agreement expires (2024-07-31),
2024-06-28,2026-09-21,33.0,IATSE 2021 Hollywood Basic Agreement expires (2024-07-31),
2024-06-29,2026-09-21,32.0,IATSE 2021 Hollywood Basic Agreement expires (2024-07-31),
2024-06-30,2026-09-21,31.0,IATSE 2021 Hollywood Basic Agreement expires (2024-07-31),
2024-07-01,2026-09-21,30.0,IATSE 2021 Hollywood Basic Agreement expires (2024-07-31),
2024-07-02,2026-09-21,29.0,IATSE 2021 Hollywood Basic Agreement expires (2024-07-31),
2024-07-03,2026-09-21,28.0,IATSE 2021 Hollywood Basic Agreement expires (2024-07-31),
2024-07-04,2026-09-21,27.0,IATSE 2021 Hollywood Basic Agreement expires (2024-07-31),
2024-07-05,2026-09-21,26.0,IATSE 2021 Hollywood Basic Agreement expires (2024-07-31),
2024-07-06,2026-09-21,25.0,IATSE 2021 Hollywood Basic Agreement expires (2024-07-31),
2024-07-07,2026-09-21,24.0,IATSE 2021 Hollywood Basic Agreement expires (2024-07-31),
2024-07-08,2026-09-21,23.0,IATSE 2021 Hollywood Basic Agreement expires (2024-07-31),
2024-07-09,2026-09-21,22.0,IATSE 2021 Hollywood Basic Agreement expires (2024-07-31),
2024-07-10,2026-09-21,21.0,IATSE 2021 Hollywood Basic Agreement expires (2024-07-31),
2024-07-11,2026-09-21,20.0,IATSE 2021 Hollywood Basic Agreement expires (2024-07-31),
2024-07-12,2026-09-21,19.0,IATSE 2021 Hollywood Basic Agreement expires (2024-07-31),
2024-07-13,2026-09-21,18.0,IATSE 2021 Hollywood Basic Agreement expires (2024-07-31),
2024-07-14,2026-09-21,17.0,IATSE 2021 Hollywood Basic Agreement expires (2024-07-31),
2024-07-15,2026-09-21,16.0,IATSE 2021 Hollywood Basic Agreement expires (2024-07-31),
2024-07-16,2026-09-21,15.0,IATSE 2021 Hollywood Basic Agreement expires (2024-07-31),
2024-07-17,2026-09-21,14.0,IATSE 2021 Hollywood Basic Agreement expires (2024-07-31),
2024-07-18,2026-09-21,13.0,IATSE 2021 Hollywood Basic Agreement expires (2024-07-31),
2024-07-19,2026-09-21,12.0,IATSE 2021 Hollywood Basic Agreement expires (2024-07-31),
2024-07-20,2026-09-21,11.0,IATSE 2021 Hollywood Basic Agreement expires (2024-07-31),
2024-07-21,2026-09-21,10.0,IATSE 2021 Hollywood Basic Agreement expires (2024-07-31),
2024-07-22,2026-09-21,9.0,IATSE 2021 Hollywood Basic Agreement expires (2024-07-31),
2024-07-23,2026-09-21,8.0,IATSE 2021 Hollywood Basic Agreement expires (2024-07-31),
2024-07-24,2026-09-21,7.0,IATSE 2021 Hollywood Basic Agreement expires (2024-07-31),
2024-07-25,2026-09-21,6.0,IATSE 2021 Hollywood Basic Agreement expires (2024-07-31),
2024-07-26,2026-09-21,5.0,IATSE 2021 Hollywood Basic Agreement expires (2024-07-31),
2024-07-27,2026-09-21,4.0,IATSE 2021 Hollywood Basic Agreement expires (2024-07-31),
2024-07-28,2026-09-21,3.0,IATSE 2021 Hollywood Basic Agreement expires (2024-07-31),
2024-07-29,2026-09-21,2.0,IATSE 2021 Hollywood Basic Agreement expires (2024-07-31),
2024-07-30,2026-09-21,1.0,IATSE 2021 Hollywood Basic Agreement expires (2024-07-31),
2024-07-31,2026-09-21,0.0,IATSE 2021 Hollywood Basic Agreement expires (2024-07-31),
2024-08-01,2026-09-21,638.0,WGA 2023 MBA expires (successor already ratified) (2026-05-01),
2024-08-02,2026-09-21,637.0,WGA 2023 MBA expires (successor already ratified) (2026-05-01),
2024-08-03,2026-09-21,636.0,WGA 2023 MBA expires (successor already ratified) (2026-05-01),
2024-08-04,2026-09-21,635.0,WGA 2023 MBA expires (successor already ratified) (2026-05-01),
2024-08-05,2026-09-21,634.0,WGA 2023 MBA expires (successor already ratified) (2026-05-01),
2024-08-06,2026-09-21,633.0,WGA 2023 MBA expires (successor already ratified) (2026-05-01),
2024-08-07,2026-09-21,632.0,WGA 2023 MBA expires (successor already ratified) (2026-05-01),
2024-08-08,2026-09-21,631.0,WGA 2023 MBA expires (successor already ratified) (2026-05-01),
2024-08-09,2026-09-21,630.0,WGA 2023 MBA expires (successor already ratified) (2026-05-01),
2024-08-10,2026-09-21,629.0,WGA 2023 MBA expires (successor already ratified) (2026-05-01),
2024-08-11,2026-09-21,628.0,WGA 2023 MBA expires (successor already ratified) (2026-05-01),
2024-08-12,2026-09-21,627.0,WGA 2023 MBA expires (successor already ratified) (2026-05-01),
2024-08-13,2026-09-21,626.0,WGA 2023 MBA expires (successor already ratified) (2026-05-01),
2024-08-14,2026-09-21,625.0,WGA 2023 MBA expires (successor already ratified) (2026-05-01),
2024-08-15,2026-09-21,624.0,WGA 2023 MBA expires (successor already ratified) (2026-05-01),
2024-08-16,2026-09-21,623.0,WGA 2023 MBA expires (successor already ratified) (2026-05-01),
2024-08-17,2026-09-21,622.0,WGA 2023 MBA expires (successor already ratified) (2026-05-01),
2024-08-18,2026-09-21,621.0,WGA 2023 MBA expires (successor already ratified) (2026-05-01),
2024-08-19,2026-09-21,620.0,WGA 2023 MBA expires (successor already ratified) (2026-05-01),
2024-08-20,2026-09-21,619.0,WGA 2023 MBA expires (successor already ratified) (2026-05-01),
2024-08-21,2026-09-21,618.0,WGA 2023 MBA expires (successor already ratified) (2026-05-01),
2024-08-22,2026-09-21,617.0,WGA 2023 MBA expires (successor already ratified) (2026-05-01),
2024-08-23,2026-09-21,616.0,WGA 2023 MBA expires (successor already ratified) (2026-05-01),
2024-08-24,2026-09-21,615.0,WGA 2023 MBA expires (successor already ratified) (2026-05-01),
2024-08-25,2026-09-21,614.0,WGA 2023 MBA expires (successor already ratified) (2026-05-01),
2024-08-26,2026-09-21,613.0,WGA 2023 MBA expires (successor already ratified) (2026-05-01),
2024-08-27,2026-09-21,612.0,WGA 2023 MBA expires (successor already ratified) (2026-05-01),
2024-08-28,2026-09-21,611.0,WGA 2023 MBA expires (successor already ratified) (2026-05-01),
2024-08-29,2026-09-21,610.0,WGA 2023 MBA expires (successor already ratified) (2026-05-01),
2024-08-30,2026-09-21,609.0,WGA 2023 MBA expires (successor already ratified) (2026-05-01),
2024-08-31,2026-09-21,608.0,WGA 2023 MBA expires (successor already ratified) (2026-05-01),
2024-09-01,2026-09-21,607.0,WGA 2023 MBA expires (successor already ratified) (2026-05-01),
2024-09-02,2026-09-21,606.0,WGA 2023 MBA expires (successor already ratified) (2026-05-01),
2024-09-03,2026-09-21,605.0,WGA 2023 MBA expires (successor already ratified) (2026-05-01),
2024-09-04,2026-09-21,604.0,WGA 2023 MBA expires (successor already ratified) (2026-05-01),
2024-09-05,2026-09-21,603.0,WGA 2023 MBA expires (successor already ratified) (2026-05-01),
2024-09-06,2026-09-21,602.0,WGA 2023 MBA expires (successor already ratified) (2026-05-01),
2024-09-07,2026-09-21,601.0,WGA 2023 MBA expires (successor already ratified) (2026-05-01),
2024-09-08,2026-09-21,600.0,WGA 2023 MBA expires (successor already ratified) (2026-05-01),
2024-09-09,2026-09-21,599.0,WGA 2023 MBA expires (successor already ratified) (2026-05-01),
2024-09-10,2026-09-21,598.0,WGA 2023 MBA expires (successor already ratified) (2026-05-01),
2024-09-11,2026-09-21,597.0,WGA 2023 MBA expires (successor already ratified) (2026-05-01),
2024-09-12,2026-09-21,596.0,WGA 2023 MBA expires (successor already ratified) (2026-05-01),
2024-09-13,2026-09-21,595.0,WGA 2023 MBA expires (successor already ratified) (2026-05-01),
2024-09-14,2026-09-21,594.0,WGA 2023 MBA expires (successor already ratified) (2026-05-01),
2024-09-15,2026-09-21,593.0,WGA 2023 MBA expires (successor already ratified) (2026-05-01),
2024-09-16,2026-09-21,592.0,WGA 2023 MBA expires (successor already ratified) (2026-05-01),
2024-09-17,2026-09-21,591.0,WGA 2023 MBA expires (successor already ratified) (2026-05-01),
2024-09-18,2026-09-21,590.0,WGA 2023 MBA expires (successor already ratified) (2026-05-01),
2024-09-19,2026-09-21,589.0,WGA 2023 MBA expires (successor already ratified) (2026-05-01),
2024-09-20,2026-09-21,588.0,WGA 2023 MBA expires (successor already ratified) (2026-05-01),
2024-09-21,2026-09-21,587.0,WGA 2023 MBA expires (successor already ratified) (2026-05-01),
2024-09-22,2026-09-21,586.0,WGA 2023 MBA expires (successor already ratified) (2026-05-01),
2024-09-23,2026-09-21,585.0,WGA 2023 MBA expires (successor already ratified) (2026-05-01),
2024-09-24,2026-09-21,584.0,WGA 2023 MBA expires (successor already ratified) (2026-05-01),
2024-09-25,2026-09-21,583.0,WGA 2023 MBA expires (successor already ratified) (2026-05-01),
2024-09-26,2026-09-21,582.0,WGA 2023 MBA expires (successor already ratified) (2026-05-01),
2024-09-27,2026-09-21,581.0,WGA 2023 MBA expires (successor already ratified) (2026-05-01),
2024-09-28,2026-09-21,580.0,WGA 2023 MBA expires (successor already ratified) (2026-05-01),
2024-09-29,2026-09-21,579.0,WGA 2023 MBA expires (successor already ratified) (2026-05-01),
2024-09-30,2026-09-21,578.0,WGA 2023 MBA expires (successor already ratified) (2026-05-01),
2024-10-01,2026-09-21,577.0,WGA 2023 MBA expires (successor already ratified) (2026-05-01),
2024-10-02,2026-09-21,576.0,WGA 2023 MBA expires (successor already ratified) (2026-05-01),
2024-10-03,2026-09-21,575.0,WGA 2023 MBA expires (successor already ratified) (2026-05-01),
2024-10-04,2026-09-21,574.0,WGA 2023 MBA expires (successor already ratified) (2026-05-01),
2024-10-05,2026-09-21,573.0,WGA 2023 MBA expires (successor already ratified) (2026-05-01),
2024-10-06,2026-09-21,572.0,WGA 2023 MBA expires (successor already ratified) (2026-05-01),
2024-10-07,2026-09-21,571.0,WGA 2023 MBA expires (successor already ratified) (2026-05-01),
2024-10-08,2026-09-21,570.0,WGA 2023 MBA expires (successor already ratified) (2026-05-01),
2024-10-09,2026-09-21,569.0,WGA 2023 MBA expires (successor already ratified) (2026-05-01),
2024-10-10,2026-09-21,568.0,WGA 2023 MBA expires (successor already ratified) (2026-05-01),
2024-10-11,2026-09-21,567.0,WGA 2023 MBA expires (successor already ratified) (2026-05-01),
2024-10-12,2026-09-21,566.0,WGA 2023 MBA expires (successor already ratified) (2026-05-01),
2024-10-13,2026-09-21,565.0,WGA 2023 MBA expires (successor already ratified) (2026-05-01),
2024-10-14,2026-09-21,564.0,WGA 2023 MBA expires (successor already ratified) (2026-05-01),
2024-10-15,2026-09-21,563.0,WGA 2023 MBA expires (successor already ratified) (2026-05-01),
2024-10-16,2026-09-21,562.0,WGA 2023 MBA expires (successor already ratified) (2026-05-01),
2024-10-17,2026-09-21,561.0,WGA 2023 MBA expires (successor already ratified) (2026-05-01),
2024-10-18,2026-09-21,560.0,WGA 2023 MBA expires (successor already ratified) (2026-05-01),
2024-10-19,2026-09-21,559.0,WGA 2023 MBA expires (successor already ratified) (2026-05-01),
2024-10-20,2026-09-21,558.0,WGA 2023 MBA expires (successor already ratified) (2026-05-01),
2024-10-21,2026-09-21,557.0,WGA 2023 MBA expires (successor already ratified) (2026-05-01),
2024-10-22,2026-09-21,556.0,WGA 2023 MBA expires (successor already ratified) (2026-05-01),
2024-10-23,2026-09-21,555.0,WGA 2023 MBA expires (successor already ratified) (2026-05-01),
2024-10-24,2026-09-21,554.0,WGA 2023 MBA expires (successor already ratified) (2026-05-01),
2024-10-25,2026-09-21,553.0,WGA 2023 MBA expires (successor already ratified) (2026-05-01),
2024-10-26,2026-09-21,552.0,WGA 2023 MBA expires (successor already ratified) (2026-05-01),
2024-10-27,2026-09-21,551.0,WGA 2023 MBA expires (successor already ratified) (2026-05-01),
2024-10-28,2026-09-21,550.0,WGA 2023 MBA expires (successor already ratified) (2026-05-01),
2024-10-29,2026-09-21,549.0,WGA 2023 MBA expires (successor already ratified) (2026-05-01),
2024-10-30,2026-09-21,548.0,WGA 2023 MBA expires (successor already ratified) (2026-05-01),
2024-10-31,2026-09-21,547.0,WGA 2023 MBA expires (successor already ratified) (2026-05-01),
2024-11-01,2026-09-21,546.0,WGA 2023 MBA expires (successor already ratified) (2026-05-01),
2024-11-02,2026-09-21,545.0,WGA 2023 MBA expires (successor already ratified) (2026-05-01),
2024-11-03,2026-09-21,544.0,WGA 2023 MBA expires (successor already ratified) (2026-05-01),
2024-11-04,2026-09-21,543.0,WGA 2023 MBA expires (successor already ratified) (2026-05-01),
2024-11-05,2026-09-21,542.0,WGA 2023 MBA expires (successor already ratified) (2026-05-01),
2024-11-06,2026-09-21,541.0,WGA 2023 MBA expires (successor already ratified) (2026-05-01),
2024-11-07,2026-09-21,540.0,WGA 2023 MBA expires (successor already ratified) (2026-05-01),
2024-11-08,2026-09-21,539.0,WGA 2023 MBA expires (successor already ratified) (2026-05-01),
2024-11-09,2026-09-21,538.0,WGA 2023 MBA expires (successor already ratified) (2026-05-01),
2024-11-10,2026-09-21,537.0,WGA 2023 MBA expires (successor already ratified) (2026-05-01),
2024-11-11,2026-09-21,536.0,WGA 2023 MBA expires (successor already ratified) (2026-05-01),
2024-11-12,2026-09-21,535.0,WGA 2023 MBA expires (successor already ratified) (2026-05-01),
2024-11-13,2026-09-21,534.0,WGA 2023 MBA expires (successor already ratified) (2026-05-01),
2024-11-14,2026-09-21,533.0,WGA 2023 MBA expires (successor already ratified) (2026-05-01),
2024-11-15,2026-09-21,532.0,WGA 2023 MBA expires (successor already ratified) (2026-05-01),
2024-11-16,2026-09-21,531.0,WGA 2023 MBA expires (successor already ratified) (2026-05-01),
2024-11-17,2026-09-21,530.0,WGA 2023 MBA expires (successor already ratified) (2026-05-01),
2024-11-18,2026-09-21,529.0,WGA 2023 MBA expires (successor already ratified) (2026-05-01),
2024-11-19,2026-09-21,528.0,WGA 2023 MBA expires (successor already ratified) (2026-05-01),
2024-11-20,2026-09-21,527.0,WGA 2023 MBA expires (successor already ratified) (2026-05-01),
2024-11-21,2026-09-21,526.0,WGA 2023 MBA expires (successor already ratified) (2026-05-01),
2024-11-22,2026-09-21,525.0,WGA 2023 MBA expires (successor already ratified) (2026-05-01),
2024-11-23,2026-09-21,524.0,WGA 2023 MBA expires (successor already ratified) (2026-05-01),
2024-11-24,2026-09-21,523.0,WGA 2023 MBA expires (successor already ratified) (2026-05-01),
2024-11-25,2026-09-21,522.0,WGA 2023 MBA expires (successor already ratified) (2026-05-01),
2024-11-26,2026-09-21,521.0,WGA 2023 MBA expires (successor already ratified) (2026-05-01),
2024-11-27,2026-09-21,520.0,WGA 2023 MBA expires (successor already ratified) (2026-05-01),
2024-11-28,2026-09-21,519.0,WGA 2023 MBA expires (successor already ratified) (2026-05-01),
2024-11-29,2026-09-21,518.0,WGA 2023 MBA expires (successor already ratified) (2026-05-01),
2024-11-30,2026-09-21,517.0,WGA 2023 MBA expires (successor already ratified) (2026-05-01),
2024-12-01,2026-09-21,516.0,WGA 2023 MBA expires (successor already ratified) (2026-05-01),
2024-12-02,2026-09-21,515.0,WGA 2023 MBA expires (successor already ratified) (2026-05-01),
2024-12-03,2026-09-21,514.0,WGA 2023 MBA expires (successor already ratified) (2026-05-01),
2024-12-04,2026-09-21,513.0,WGA 2023 MBA expires (successor already ratified) (2026-05-01),
2024-12-05,2026-09-21,512.0,WGA 2023 MBA expires (successor already ratified) (2026-05-01),
2024-12-06,2026-09-21,511.0,WGA 2023 MBA expires (successor already ratified) (2026-05-01),
2024-12-07,2026-09-21,510.0,WGA 2023 MBA expires (successor already ratified) (2026-05-01),
2024-12-08,2026-09-21,509.0,WGA 2023 MBA expires (successor already ratified) (2026-05-01),
2024-12-09,2026-09-21,508.0,WGA 2023 MBA expires (successor already ratified) (2026-05-01),
2024-12-10,2026-09-21,507.0,WGA 2023 MBA expires (successor already ratified) (2026-05-01),
2024-12-11,2026-09-21,506.0,WGA 2023 MBA expires (successor already ratified) (2026-05-01),
2024-12-12,2026-09-21,505.0,WGA 2023 MBA expires (successor already ratified) (2026-05-01),
2024-12-13,2026-09-21,504.0,WGA 2023 MBA expires (successor already ratified) (2026-05-01),
2024-12-14,2026-09-21,503.0,WGA 2023 MBA expires (successor already ratified) (2026-05-01),
2024-12-15,2026-09-21,502.0,WGA 2023 MBA expires (successor already ratified) (2026-05-01),
2024-12-16,2026-09-21,501.0,WGA 2023 MBA expires (successor already ratified) (2026-05-01),
2024-12-17,2026-09-21,500.0,WGA 2023 MBA expires (successor already ratified) (2026-05-01),
2024-12-18,2026-09-21,499.0,WGA 2023 MBA expires (successor already ratified) (2026-05-01),
2024-12-19,2026-09-21,498.0,WGA 2023 MBA expires (successor already ratified) (2026-05-01),
2024-12-20,2026-09-21,497.0,WGA 2023 MBA expires (successor already ratified) (2026-05-01),
2024-12-21,2026-09-21,496.0,WGA 2023 MBA expires (successor already ratified) (2026-05-01),
2024-12-22,2026-09-21,495.0,WGA 2023 MBA expires (successor already ratified) (2026-05-01),
2024-12-23,2026-09-21,494.0,WGA 2023 MBA expires (successor already ratified) (2026-05-01),
2024-12-24,2026-09-21,493.0,WGA 2023 MBA expires (successor already ratified) (2026-05-01),
2024-12-25,2026-09-21,492.0,WGA 2023 MBA expires (successor already ratified) (2026-05-01),
2024-12-26,2026-09-21,491.0,WGA 2023 MBA expires (successor already ratified) (2026-05-01),
2024-12-27,2026-09-21,490.0,WGA 2023 MBA expires (successor already ratified) (2026-05-01),
2024-12-28,2026-09-21,489.0,WGA 2023 MBA expires (successor already ratified) (2026-05-01),
2024-12-29,2026-09-21,488.0,WGA 2023 MBA expires (successor already ratified) (2026-05-01),
2024-12-30,2026-09-21,487.0,WGA 2023 MBA expires (successor already ratified) (2026-05-01),
2024-12-31,2026-09-21,486.0,WGA 2023 MBA expires (successor already ratified) (2026-05-01),
2025-01-01,2026-09-21,485.0,WGA 2023 MBA expires (successor already ratified) (2026-05-01),
2025-01-02,2026-09-21,484.0,WGA 2023 MBA expires (successor already ratified) (2026-05-01),
2025-01-03,2026-09-21,483.0,WGA 2023 MBA expires (successor already ratified) (2026-05-01),
2025-01-04,2026-09-21,482.0,WGA 2023 MBA expires (successor already ratified) (2026-05-01),
2025-01-05,2026-09-21,481.0,WGA 2023 MBA expires (successor already ratified) (2026-05-01),
2025-01-06,2026-09-21,480.0,WGA 2023 MBA expires (successor already ratified) (2026-05-01),
2025-01-07,2026-09-21,479.0,WGA 2023 MBA expires (successor already ratified) (2026-05-01),
2025-01-08,2026-09-21,478.0,WGA 2023 MBA expires (successor already ratified) (2026-05-01),
2025-01-09,2026-09-21,477.0,WGA 2023 MBA expires (successor already ratified) (2026-05-01),
2025-01-10,2026-09-21,476.0,WGA 2023 MBA expires (successor already ratified) (2026-05-01),
2025-01-11,2026-09-21,475.0,WGA 2023 MBA expires (successor already ratified) (2026-05-01),
2025-01-12,2026-09-21,474.0,WGA 2023 MBA expires (successor already ratified) (2026-05-01),
2025-01-13,2026-09-21,473.0,WGA 2023 MBA expires (successor already ratified) (2026-05-01),
2025-01-14,2026-09-21,472.0,WGA 2023 MBA expires (successor already ratified) (2026-05-01),
2025-01-15,2026-09-21,471.0,WGA 2023 MBA expires (successor already ratified) (2026-05-01),
2025-01-16,2026-09-21,470.0,WGA 2023 MBA expires (successor already ratified) (2026-05-01),
2025-01-17,2026-09-21,469.0,WGA 2023 MBA expires (successor already ratified) (2026-05-01),
2025-01-18,2026-09-21,468.0,WGA 2023 MBA expires (successor already ratified) (2026-05-01),
2025-01-19,2026-09-21,467.0,WGA 2023 MBA expires (successor already ratified) (2026-05-01),
2025-01-20,2026-09-21,466.0,WGA 2023 MBA expires (successor already ratified) (2026-05-01),
2025-01-21,2026-09-21,465.0,WGA 2023 MBA expires (successor already ratified) (2026-05-01),
2025-01-22,2026-09-21,464.0,WGA 2023 MBA expires (successor already ratified) (2026-05-01),
2025-01-23,2026-09-21,463.0,WGA 2023 MBA expires (successor already ratified) (2026-05-01),
2025-01-24,2026-09-21,462.0,WGA 2023 MBA expires (successor already ratified) (2026-05-01),
2025-01-25,2026-09-21,461.0,WGA 2023 MBA expires (successor already ratified) (2026-05-01),
2025-01-26,2026-09-21,460.0,WGA 2023 MBA expires (successor already ratified) (2026-05-01),
2025-01-27,2026-09-21,459.0,WGA 2023 MBA expires (successor already ratified) (2026-05-01),
2025-01-28,2026-09-21,458.0,WGA 2023 MBA expires (successor already ratified) (2026-05-01),
2025-01-29,2026-09-21,457.0,WGA 2023 MBA expires (successor already ratified) (2026-05-01),
2025-01-30,2026-09-21,456.0,WGA 2023 MBA expires (successor already ratified) (2026-05-01),
2025-01-31,2026-09-21,455.0,WGA 2023 MBA expires (successor already ratified) (2026-05-01),
2025-02-01,2026-09-21,454.0,WGA 2023 MBA expires (successor already ratified) (2026-05-01),
2025-02-02,2026-09-21,453.0,WGA 2023 MBA expires (successor already ratified) (2026-05-01),
2025-02-03,2026-09-21,452.0,WGA 2023 MBA expires (successor already ratified) (2026-05-01),
2025-02-04,2026-09-21,451.0,WGA 2023 MBA expires (successor already ratified) (2026-05-01),
2025-02-05,2026-09-21,450.0,WGA 2023 MBA expires (successor already ratified) (2026-05-01),
2025-02-06,2026-09-21,449.0,WGA 2023 MBA expires (successor already ratified) (2026-05-01),
2025-02-07,2026-09-21,448.0,WGA 2023 MBA expires (successor already ratified) (2026-05-01),
2025-02-08,2026-09-21,447.0,WGA 2023 MBA expires (successor already ratified) (2026-05-01),
2025-02-09,2026-09-21,446.0,WGA 2023 MBA expires (successor already ratified) (2026-05-01),
2025-02-10,2026-09-21,445.0,WGA 2023 MBA expires (successor already ratified) (2026-05-01),
2025-02-11,2026-09-21,444.0,WGA 2023 MBA expires (successor already ratified) (2026-05-01),
2025-02-12,2026-09-21,443.0,WGA 2023 MBA expires (successor already ratified) (2026-05-01),
2025-02-13,2026-09-21,442.0,WGA 2023 MBA expires (successor already ratified) (2026-05-01),
2025-02-14,2026-09-21,441.0,WGA 2023 MBA expires (successor already ratified) (2026-05-01),
2025-02-15,2026-09-21,440.0,WGA 2023 MBA expires (successor already ratified) (2026-05-01),
2025-02-16,2026-09-21,439.0,WGA 2023 MBA expires (successor already ratified) (2026-05-01),
2025-02-17,2026-09-21,438.0,WGA 2023 MBA expires (successor already ratified) (2026-05-01),
2025-02-18,2026-09-21,437.0,WGA 2023 MBA expires (successor already ratified) (2026-05-01),
2025-02-19,2026-09-21,436.0,WGA 2023 MBA expires (successor already ratified) (2026-05-01),
2025-02-20,2026-09-21,435.0,WGA 2023 MBA expires (successor already ratified) (2026-05-01),
2025-02-21,2026-09-21,434.0,WGA 2023 MBA expires (successor already ratified) (2026-05-01),
2025-02-22,2026-09-21,433.0,WGA 2023 MBA expires (successor already ratified) (2026-05-01),
2025-02-23,2026-09-21,432.0,WGA 2023 MBA expires (successor already ratified) (2026-05-01),
2025-02-24,2026-09-21,431.0,WGA 2023 MBA expires (successor already ratified) (2026-05-01),
2025-02-25,2026-09-21,430.0,WGA 2023 MBA expires (successor already ratified) (2026-05-01),
2025-02-26,2026-09-21,429.0,WGA 2023 MBA expires (successor already ratified) (2026-05-01),
2025-02-27,2026-09-21,428.0,WGA 2023 MBA expires (successor already ratified) (2026-05-01),
2025-02-28,2026-09-21,427.0,WGA 2023 MBA expires (successor already ratified) (2026-05-01),
2025-03-01,2026-09-21,426.0,WGA 2023 MBA expires (successor already ratified) (2026-05-01),
2025-03-02,2026-09-21,425.0,WGA 2023 MBA expires (successor already ratified) (2026-05-01),
2025-03-03,2026-09-21,424.0,WGA 2023 MBA expires (successor already ratified) (2026-05-01),
2025-03-04,2026-09-21,423.0,WGA 2023 MBA expires (successor already ratified) (2026-05-01),
2025-03-05,2026-09-21,422.0,WGA 2023 MBA expires (successor already ratified) (2026-05-01),
2025-03-06,2026-09-21,421.0,WGA 2023 MBA expires (successor already ratified) (2026-05-01),
2025-03-07,2026-09-21,420.0,WGA 2023 MBA expires (successor already ratified) (2026-05-01),
2025-03-08,2026-09-21,419.0,WGA 2023 MBA expires (successor already ratified) (2026-05-01),
2025-03-09,2026-09-21,418.0,WGA 2023 MBA expires (successor already ratified) (2026-05-01),
2025-03-10,2026-09-21,417.0,WGA 2023 MBA expires (successor already ratified) (2026-05-01),
2025-03-11,2026-09-21,416.0,WGA 2023 MBA expires (successor already ratified) (2026-05-01),
2025-03-12,2026-09-21,415.0,WGA 2023 MBA expires (successor already ratified) (2026-05-01),
2025-03-13,2026-09-21,414.0,WGA 2023 MBA expires (successor already ratified) (2026-05-01),
2025-03-14,2026-09-21,413.0,WGA 2023 MBA expires (successor already ratified) (2026-05-01),
2025-03-15,2026-09-21,412.0,WGA 2023 MBA expires (successor already ratified) (2026-05-01),
2025-03-16,2026-09-21,411.0,WGA 2023 MBA expires (successor already ratified) (2026-05-01),
2025-03-17,2026-09-21,410.0,WGA 2023 MBA expires (successor already ratified) (2026-05-01),
2025-03-18,2026-09-21,409.0,WGA 2023 MBA expires (successor already ratified) (2026-05-01),
2025-03-19,2026-09-21,408.0,WGA 2023 MBA expires (successor already ratified) (2026-05-01),
2025-03-20,2026-09-21,407.0,WGA 2023 MBA expires (successor already ratified) (2026-05-01),
2025-03-21,2026-09-21,406.0,WGA 2023 MBA expires (successor already ratified) (2026-05-01),
2025-03-22,2026-09-21,405.0,WGA 2023 MBA expires (successor already ratified) (2026-05-01),
2025-03-23,2026-09-21,404.0,WGA 2023 MBA expires (successor already ratified) (2026-05-01),
2025-03-24,2026-09-21,403.0,WGA 2023 MBA expires (successor already ratified) (2026-05-01),
2025-03-25,2026-09-21,402.0,WGA 2023 MBA expires (successor already ratified) (2026-05-01),
2025-03-26,2026-09-21,401.0,WGA 2023 MBA expires (successor already ratified) (2026-05-01),
2025-03-27,2026-09-21,400.0,WGA 2023 MBA expires (successor already ratified) (2026-05-01),
2025-03-28,2026-09-21,399.0,WGA 2023 MBA expires (successor already ratified) (2026-05-01),
2025-03-29,2026-09-21,398.0,WGA 2023 MBA expires (successor already ratified) (2026-05-01),
2025-03-30,2026-09-21,397.0,WGA 2023 MBA expires (successor already ratified) (2026-05-01),
2025-03-31,2026-09-21,396.0,WGA 2023 MBA expires (successor already ratified) (2026-05-01),
2025-04-01,2026-09-21,395.0,WGA 2023 MBA expires (successor already ratified) (2026-05-01),
2025-04-02,2026-09-21,394.0,WGA 2023 MBA expires (successor already ratified) (2026-05-01),
2025-04-03,2026-09-21,393.0,WGA 2023 MBA expires (successor already ratified) (2026-05-01),
2025-04-04,2026-09-21,392.0,WGA 2023 MBA expires (successor already ratified) (2026-05-01),
2025-04-05,2026-09-21,391.0,WGA 2023 MBA expires (successor already ratified) (2026-05-01),
2025-04-06,2026-09-21,390.0,WGA 2023 MBA expires (successor already ratified) (2026-05-01),
2025-04-07,2026-09-21,389.0,WGA 2023 MBA expires (successor already ratified) (2026-05-01),
2025-04-08,2026-09-21,388.0,WGA 2023 MBA expires (successor already ratified) (2026-05-01),
2025-04-09,2026-09-21,387.0,WGA 2023 MBA expires (successor already ratified) (2026-05-01),
2025-04-10,2026-09-21,386.0,WGA 2023 MBA expires (successor already ratified) (2026-05-01),
2025-04-11,2026-09-21,385.0,WGA 2023 MBA expires (successor already ratified) (2026-05-01),
2025-04-12,2026-09-21,384.0,WGA 2023 MBA expires (successor already ratified) (2026-05-01),
2025-04-13,2026-09-21,383.0,WGA 2023 MBA expires (successor already ratified) (2026-05-01),
2025-04-14,2026-09-21,382.0,WGA 2023 MBA expires (successor already ratified) (2026-05-01),
2025-04-15,2026-09-21,381.0,WGA 2023 MBA expires (successor already ratified) (2026-05-01),
2025-04-16,2026-09-21,380.0,WGA 2023 MBA expires (successor already ratified) (2026-05-01),
2025-04-17,2026-09-21,379.0,WGA 2023 MBA expires (successor already ratified) (2026-05-01),
2025-04-18,2026-09-21,378.0,WGA 2023 MBA expires (successor already ratified) (2026-05-01),
2025-04-19,2026-09-21,377.0,WGA 2023 MBA expires (successor already ratified) (2026-05-01),
2025-04-20,2026-09-21,376.0,WGA 2023 MBA expires (successor already ratified) (2026-05-01),
2025-04-21,2026-09-21,375.0,WGA 2023 MBA expires (successor already ratified) (2026-05-01),
2025-04-22,2026-09-21,374.0,WGA 2023 MBA expires (successor already ratified) (2026-05-01),
2025-04-23,2026-09-21,373.0,WGA 2023 MBA expires (successor already ratified) (2026-05-01),
2025-04-24,2026-09-21,372.0,WGA 2023 MBA expires (successor already ratified) (2026-05-01),
2025-04-25,2026-09-21,371.0,WGA 2023 MBA expires (successor already ratified) (2026-05-01),
2025-04-26,2026-09-21,370.0,WGA 2023 MBA expires (successor already ratified) (2026-05-01),
2025-04-27,2026-09-21,369.0,WGA 2023 MBA expires (successor already ratified) (2026-05-01),
2025-04-28,2026-09-21,368.0,WGA 2023 MBA expires (successor already ratified) (2026-05-01),
2025-04-29,2026-09-21,367.0,WGA 2023 MBA expires (successor already ratified) (2026-05-01),
2025-04-30,2026-09-21,366.0,WGA 2023 MBA expires (successor already ratified) (2026-05-01),
2025-05-01,2026-09-21,365.0,WGA 2023 MBA expires (successor already ratified) (2026-05-01),
2025-05-02,2026-09-21,364.0,WGA 2023 MBA expires (successor already ratified) (2026-05-01),
2025-05-03,2026-09-21,363.0,WGA 2023 MBA expires (successor already ratified) (2026-05-01),
2025-05-04,2026-09-21,362.0,WGA 2023 MBA expires (successor already ratified) (2026-05-01),
2025-05-05,2026-09-21,361.0,WGA 2023 MBA expires (successor already ratified) (2026-05-01),
2025-05-06,2026-09-21,360.0,WGA 2023 MBA expires (successor already ratified) (2026-05-01),
2025-05-07,2026-09-21,359.0,WGA 2023 MBA expires (successor already ratified) (2026-05-01),
2025-05-08,2026-09-21,358.0,WGA 2023 MBA expires (successor already ratified) (2026-05-01),
2025-05-09,2026-09-21,357.0,WGA 2023 MBA expires (successor already ratified) (2026-05-01),
2025-05-10,2026-09-21,356.0,WGA 2023 MBA expires (successor already ratified) (2026-05-01),
2025-05-11,2026-09-21,355.0,WGA 2023 MBA expires (successor already ratified) (2026-05-01),
2025-05-12,2026-09-21,354.0,WGA 2023 MBA expires (successor already ratified) (2026-05-01),
2025-05-13,2026-09-21,353.0,WGA 2023 MBA expires (successor already ratified) (2026-05-01),
2025-05-14,2026-09-21,352.0,WGA 2023 MBA expires (successor already ratified) (2026-05-01),
2025-05-15,2026-09-21,351.0,WGA 2023 MBA expires (successor already ratified) (2026-05-01),
2025-05-16,2026-09-21,350.0,WGA 2023 MBA expires (successor already ratified) (2026-05-01),
2025-05-17,2026-09-21,349.0,WGA 2023 MBA expires (successor already ratified) (2026-05-01),
2025-05-18,2026-09-21,348.0,WGA 2023 MBA expires (successor already ratified) (2026-05-01),
2025-05-19,2026-09-21,347.0,WGA 2023 MBA expires (successor already ratified) (2026-05-01),
2025-05-20,2026-09-21,346.0,WGA 2023 MBA expires (successor already ratified) (2026-05-01),
2025-05-21,2026-09-21,345.0,WGA 2023 MBA expires (successor already ratified) (2026-05-01),
2025-05-22,2026-09-21,344.0,WGA 2023 MBA expires (successor already ratified) (2026-05-01),
2025-05-23,2026-09-21,343.0,WGA 2023 MBA expires (successor already ratified) (2026-05-01),
2025-05-24,2026-09-21,342.0,WGA 2023 MBA expires (successor already ratified) (2026-05-01),
2025-05-25,2026-09-21,341.0,WGA 2023 MBA expires (successor already ratified) (2026-05-01),
2025-05-26,2026-09-21,340.0,WGA 2023 MBA expires (successor already ratified) (2026-05-01),
2025-05-27,2026-09-21,339.0,WGA 2023 MBA expires (successor already ratified) (2026-05-01),
2025-05-28,2026-09-21,338.0,WGA 2023 MBA expires (successor already ratified) (2026-05-01),
2025-05-29,2026-09-21,337.0,WGA 2023 MBA expires (successor already ratified) (2026-05-01),
2025-05-30,2026-09-21,336.0,WGA 2023 MBA expires (successor already ratified) (2026-05-01),
2025-05-31,2026-09-21,335.0,WGA 2023 MBA expires (successor already ratified) (2026-05-01),
2025-06-01,2026-09-21,334.0,WGA 2023 MBA expires (successor already ratified) (2026-05-01),
2025-06-02,2026-09-21,333.0,WGA 2023 MBA expires (successor already ratified) (2026-05-01),
2025-06-03,2026-09-21,332.0,WGA 2023 MBA expires (successor already ratified) (2026-05-01),
2025-06-04,2026-09-21,331.0,WGA 2023 MBA expires (successor already ratified) (2026-05-01),
2025-06-05,2026-09-21,330.0,WGA 2023 MBA expires (successor already ratified) (2026-05-01),
2025-06-06,2026-09-21,329.0,WGA 2023 MBA expires (successor already ratified) (2026-05-01),
2025-06-07,2026-09-21,328.0,WGA 2023 MBA expires (successor already ratified) (2026-05-01),
2025-06-08,2026-09-21,327.0,WGA 2023 MBA expires (successor already ratified) (2026-05-01),
2025-06-09,2026-09-21,326.0,WGA 2023 MBA expires (successor already ratified) (2026-05-01),
2025-06-10,2026-09-21,325.0,WGA 2023 MBA expires (successor already ratified) (2026-05-01),
2025-06-11,2026-09-21,324.0,WGA 2023 MBA expires (successor already ratified) (2026-05-01),
2025-06-12,2026-09-21,323.0,WGA 2023 MBA expires (successor already ratified) (2026-05-01),
2025-06-13,2026-09-21,322.0,WGA 2023 MBA expires (successor already ratified) (2026-05-01),
2025-06-14,2026-09-21,321.0,WGA 2023 MBA expires (successor already ratified) (2026-05-01),
2025-06-15,2026-09-21,320.0,WGA 2023 MBA expires (successor already ratified) (2026-05-01),
2025-06-16,2026-09-21,319.0,WGA 2023 MBA expires (successor already ratified) (2026-05-01),
2025-06-17,2026-09-21,318.0,WGA 2023 MBA expires (successor already ratified) (2026-05-01),
2025-06-18,2026-09-21,317.0,WGA 2023 MBA expires (successor already ratified) (2026-05-01),
2025-06-19,2026-09-21,316.0,WGA 2023 MBA expires (successor already ratified) (2026-05-01),
2025-06-20,2026-09-21,315.0,WGA 2023 MBA expires (successor already ratified) (2026-05-01),
2025-06-21,2026-09-21,314.0,WGA 2023 MBA expires (successor already ratified) (2026-05-01),
2025-06-22,2026-09-21,313.0,WGA 2023 MBA expires (successor already ratified) (2026-05-01),
2025-06-23,2026-09-21,312.0,WGA 2023 MBA expires (successor already ratified) (2026-05-01),
2025-06-24,2026-09-21,311.0,WGA 2023 MBA expires (successor already ratified) (2026-05-01),
2025-06-25,2026-09-21,310.0,WGA 2023 MBA expires (successor already ratified) (2026-05-01),
2025-06-26,2026-09-21,309.0,WGA 2023 MBA expires (successor already ratified) (2026-05-01),
2025-06-27,2026-09-21,308.0,WGA 2023 MBA expires (successor already ratified) (2026-05-01),
2025-06-28,2026-09-21,307.0,WGA 2023 MBA expires (successor already ratified) (2026-05-01),
2025-06-29,2026-09-21,306.0,WGA 2023 MBA expires (successor already ratified) (2026-05-01),
2025-06-30,2026-09-21,305.0,WGA 2023 MBA expires (successor already ratified) (2026-05-01),
2025-07-01,2026-09-21,304.0,WGA 2023 MBA expires (successor already ratified) (2026-05-01),
2025-07-02,2026-09-21,303.0,WGA 2023 MBA expires (successor already ratified) (2026-05-01),
2025-07-03,2026-09-21,302.0,WGA 2023 MBA expires (successor already ratified) (2026-05-01),
2025-07-04,2026-09-21,301.0,WGA 2023 MBA expires (successor already ratified) (2026-05-01),
2025-07-05,2026-09-21,300.0,WGA 2023 MBA expires (successor already ratified) (2026-05-01),
2025-07-06,2026-09-21,299.0,WGA 2023 MBA expires (successor already ratified) (2026-05-01),
2025-07-07,2026-09-21,298.0,WGA 2023 MBA expires (successor already ratified) (2026-05-01),
2025-07-08,2026-09-21,297.0,WGA 2023 MBA expires (successor already ratified) (2026-05-01),
2025-07-09,2026-09-21,296.0,WGA 2023 MBA expires (successor already ratified) (2026-05-01),
2025-07-10,2026-09-21,295.0,WGA 2023 MBA expires (successor already ratified) (2026-05-01),
2025-07-11,2026-09-21,294.0,WGA 2023 MBA expires (successor already ratified) (2026-05-01),
2025-07-12,2026-09-21,293.0,WGA 2023 MBA expires (successor already ratified) (2026-05-01),
2025-07-13,2026-09-21,292.0,WGA 2023 MBA expires (successor already ratified) (2026-05-01),
2025-07-14,2026-09-21,291.0,WGA 2023 MBA expires (successor already ratified) (2026-05-01),
2025-07-15,2026-09-21,290.0,WGA 2023 MBA expires (successor already ratified) (2026-05-01),
2025-07-16,2026-09-21,289.0,WGA 2023 MBA expires (successor already ratified) (2026-05-01),
2025-07-17,2026-09-21,288.0,WGA 2023 MBA expires (successor already ratified) (2026-05-01),
2025-07-18,2026-09-21,287.0,WGA 2023 MBA expires (successor already ratified) (2026-05-01),
2025-07-19,2026-09-21,286.0,WGA 2023 MBA expires (successor already ratified) (2026-05-01),
2025-07-20,2026-09-21,285.0,WGA 2023 MBA expires (successor already ratified) (2026-05-01),
2025-07-21,2026-09-21,284.0,WGA 2023 MBA expires (successor already ratified) (2026-05-01),
2025-07-22,2026-09-21,283.0,WGA 2023 MBA expires (successor already ratified) (2026-05-01),
2025-07-23,2026-09-21,282.0,WGA 2023 MBA expires (successor already ratified) (2026-05-01),
2025-07-24,2026-09-21,281.0,WGA 2023 MBA expires (successor already ratified) (2026-05-01),
2025-07-25,2026-09-21,280.0,WGA 2023 MBA expires (successor already ratified) (2026-05-01),
2025-07-26,2026-09-21,279.0,WGA 2023 MBA expires (successor already ratified) (2026-05-01),
2025-07-27,2026-09-21,278.0,WGA 2023 MBA expires (successor already ratified) (2026-05-01),
2025-07-28,2026-09-21,277.0,WGA 2023 MBA expires (successor already ratified) (2026-05-01),
2025-07-29,2026-09-21,276.0,WGA 2023 MBA expires (successor already ratified) (2026-05-01),
2025-07-30,2026-09-21,275.0,WGA 2023 MBA expires (successor already ratified) (2026-05-01),
2025-07-31,2026-09-21,274.0,WGA 2023 MBA expires (successor already ratified) (2026-05-01),
2025-08-01,2026-09-21,273.0,WGA 2023 MBA expires (successor already ratified) (2026-05-01),
2025-08-02,2026-09-21,272.0,WGA 2023 MBA expires (successor already ratified) (2026-05-01),
2025-08-03,2026-09-21,271.0,WGA 2023 MBA expires (successor already ratified) (2026-05-01),
2025-08-04,2026-09-21,270.0,WGA 2023 MBA expires (successor already ratified) (2026-05-01),
2025-08-05,2026-09-21,269.0,WGA 2023 MBA expires (successor already ratified) (2026-05-01),
2025-08-06,2026-09-21,268.0,WGA 2023 MBA expires (successor already ratified) (2026-05-01),
2025-08-07,2026-09-21,267.0,WGA 2023 MBA expires (successor already ratified) (2026-05-01),
2025-08-08,2026-09-21,266.0,WGA 2023 MBA expires (successor already ratified) (2026-05-01),
2025-08-09,2026-09-21,265.0,WGA 2023 MBA expires (successor already ratified) (2026-05-01),
2025-08-10,2026-09-21,264.0,WGA 2023 MBA expires (successor already ratified) (2026-05-01),
2025-08-11,2026-09-21,263.0,WGA 2023 MBA expires (successor already ratified) (2026-05-01),
2025-08-12,2026-09-21,262.0,WGA 2023 MBA expires (successor already ratified) (2026-05-01),
2025-08-13,2026-09-21,261.0,WGA 2023 MBA expires (successor already ratified) (2026-05-01),
2025-08-14,2026-09-21,260.0,WGA 2023 MBA expires (successor already ratified) (2026-05-01),
2025-08-15,2026-09-21,259.0,WGA 2023 MBA expires (successor already ratified) (2026-05-01),
2025-08-16,2026-09-21,258.0,WGA 2023 MBA expires (successor already ratified) (2026-05-01),
2025-08-17,2026-09-21,257.0,WGA 2023 MBA expires (successor already ratified) (2026-05-01),
2025-08-18,2026-09-21,256.0,WGA 2023 MBA expires (successor already ratified) (2026-05-01),
2025-08-19,2026-09-21,255.0,WGA 2023 MBA expires (successor already ratified) (2026-05-01),
2025-08-20,2026-09-21,254.0,WGA 2023 MBA expires (successor already ratified) (2026-05-01),
2025-08-21,2026-09-21,253.0,WGA 2023 MBA expires (successor already ratified) (2026-05-01),
2025-08-22,2026-09-21,252.0,WGA 2023 MBA expires (successor already ratified) (2026-05-01),
2025-08-23,2026-09-21,251.0,WGA 2023 MBA expires (successor already ratified) (2026-05-01),
2025-08-24,2026-09-21,250.0,WGA 2023 MBA expires (successor already ratified) (2026-05-01),
2025-08-25,2026-09-21,249.0,WGA 2023 MBA expires (successor already ratified) (2026-05-01),
2025-08-26,2026-09-21,248.0,WGA 2023 MBA expires (successor already ratified) (2026-05-01),
2025-08-27,2026-09-21,247.0,WGA 2023 MBA expires (successor already ratified) (2026-05-01),
2025-08-28,2026-09-21,246.0,WGA 2023 MBA expires (successor already ratified) (2026-05-01),
2025-08-29,2026-09-21,245.0,WGA 2023 MBA expires (successor already ratified) (2026-05-01),
2025-08-30,2026-09-21,244.0,WGA 2023 MBA expires (successor already ratified) (2026-05-01),
2025-08-31,2026-09-21,243.0,WGA 2023 MBA expires (successor already ratified) (2026-05-01),
2025-09-01,2026-09-21,242.0,WGA 2023 MBA expires (successor already ratified) (2026-05-01),
2025-09-02,2026-09-21,241.0,WGA 2023 MBA expires (successor already ratified) (2026-05-01),
2025-09-03,2026-09-21,240.0,WGA 2023 MBA expires (successor already ratified) (2026-05-01),
2025-09-04,2026-09-21,239.0,WGA 2023 MBA expires (successor already ratified) (2026-05-01),
2025-09-05,2026-09-21,238.0,WGA 2023 MBA expires (successor already ratified) (2026-05-01),
2025-09-06,2026-09-21,237.0,WGA 2023 MBA expires (successor already ratified) (2026-05-01),
2025-09-07,2026-09-21,236.0,WGA 2023 MBA expires (successor already ratified) (2026-05-01),
2025-09-08,2026-09-21,235.0,WGA 2023 MBA expires (successor already ratified) (2026-05-01),
2025-09-09,2026-09-21,234.0,WGA 2023 MBA expires (successor already ratified) (2026-05-01),
2025-09-10,2026-09-21,233.0,WGA 2023 MBA expires (successor already ratified) (2026-05-01),
2025-09-11,2026-09-21,232.0,WGA 2023 MBA expires (successor already ratified) (2026-05-01),
2025-09-12,2026-09-21,231.0,WGA 2023 MBA expires (successor already ratified) (2026-05-01),
2025-09-13,2026-09-21,230.0,WGA 2023 MBA expires (successor already ratified) (2026-05-01),
2025-09-14,2026-09-21,229.0,WGA 2023 MBA expires (successor already ratified) (2026-05-01),
2025-09-15,2026-09-21,228.0,WGA 2023 MBA expires (successor already ratified) (2026-05-01),
2025-09-16,2026-09-21,227.0,WGA 2023 MBA expires (successor already ratified) (2026-05-01),
2025-09-17,2026-09-21,226.0,WGA 2023 MBA expires (successor already ratified) (2026-05-01),
2025-09-18,2026-09-21,225.0,WGA 2023 MBA expires (successor already ratified) (2026-05-01),
2025-09-19,2026-09-21,224.0,WGA 2023 MBA expires (successor already ratified) (2026-05-01),
2025-09-20,2026-09-21,223.0,WGA 2023 MBA expires (successor already ratified) (2026-05-01),
2025-09-21,2026-09-21,222.0,WGA 2023 MBA expires (successor already ratified) (2026-05-01),
2025-09-22,2026-09-21,221.0,WGA 2023 MBA expires (successor already ratified) (2026-05-01),
2025-09-23,2026-09-21,220.0,WGA 2023 MBA expires (successor already ratified) (2026-05-01),
2025-09-24,2026-09-21,219.0,WGA 2023 MBA expires (successor already ratified) (2026-05-01),
2025-09-25,2026-09-21,218.0,WGA 2023 MBA expires (successor already ratified) (2026-05-01),
2025-09-26,2026-09-21,217.0,WGA 2023 MBA expires (successor already ratified) (2026-05-01),
2025-09-27,2026-09-21,216.0,WGA 2023 MBA expires (successor already ratified) (2026-05-01),
2025-09-28,2026-09-21,215.0,WGA 2023 MBA expires (successor already ratified) (2026-05-01),
2025-09-29,2026-09-21,214.0,WGA 2023 MBA expires (successor already ratified) (2026-05-01),
2025-09-30,2026-09-21,213.0,WGA 2023 MBA expires (successor already ratified) (2026-05-01),
2025-10-01,2026-09-21,212.0,WGA 2023 MBA expires (successor already ratified) (2026-05-01),
2025-10-02,2026-09-21,211.0,WGA 2023 MBA expires (successor already ratified) (2026-05-01),
2025-10-03,2026-09-21,210.0,WGA 2023 MBA expires (successor already ratified) (2026-05-01),
2025-10-04,2026-09-21,209.0,WGA 2023 MBA expires (successor already ratified) (2026-05-01),
2025-10-05,2026-09-21,208.0,WGA 2023 MBA expires (successor already ratified) (2026-05-01),
2025-10-06,2026-09-21,207.0,WGA 2023 MBA expires (successor already ratified) (2026-05-01),
2025-10-07,2026-09-21,206.0,WGA 2023 MBA expires (successor already ratified) (2026-05-01),
2025-10-08,2026-09-21,205.0,WGA 2023 MBA expires (successor already ratified) (2026-05-01),
2025-10-09,2026-09-21,204.0,WGA 2023 MBA expires (successor already ratified) (2026-05-01),
2025-10-10,2026-09-21,203.0,WGA 2023 MBA expires (successor already ratified) (2026-05-01),
2025-10-11,2026-09-21,202.0,WGA 2023 MBA expires (successor already ratified) (2026-05-01),
2025-10-12,2026-09-21,201.0,WGA 2023 MBA expires (successor already ratified) (2026-05-01),
2025-10-13,2026-09-21,200.0,WGA 2023 MBA expires (successor already ratified) (2026-05-01),
2025-10-14,2026-09-21,199.0,WGA 2023 MBA expires (successor already ratified) (2026-05-01),
2025-10-15,2026-09-21,198.0,WGA 2023 MBA expires (successor already ratified) (2026-05-01),
2025-10-16,2026-09-21,197.0,WGA 2023 MBA expires (successor already ratified) (2026-05-01),
2025-10-17,2026-09-21,196.0,WGA 2023 MBA expires (successor already ratified) (2026-05-01),
2025-10-18,2026-09-21,195.0,WGA 2023 MBA expires (successor already ratified) (2026-05-01),
2025-10-19,2026-09-21,194.0,WGA 2023 MBA expires (successor already ratified) (2026-05-01),
2025-10-20,2026-09-21,193.0,WGA 2023 MBA expires (successor already ratified) (2026-05-01),
2025-10-21,2026-09-21,192.0,WGA 2023 MBA expires (successor already ratified) (2026-05-01),
2025-10-22,2026-09-21,191.0,WGA 2023 MBA expires (successor already ratified) (2026-05-01),
2025-10-23,2026-09-21,190.0,WGA 2023 MBA expires (successor already ratified) (2026-05-01),
2025-10-24,2026-09-21,189.0,WGA 2023 MBA expires (successor already ratified) (2026-05-01),
2025-10-25,2026-09-21,188.0,WGA 2023 MBA expires (successor already ratified) (2026-05-01),
2025-10-26,2026-09-21,187.0,WGA 2023 MBA expires (successor already ratified) (2026-05-01),
2025-10-27,2026-09-21,186.0,WGA 2023 MBA expires (successor already ratified) (2026-05-01),
2025-10-28,2026-09-21,185.0,WGA 2023 MBA expires (successor already ratified) (2026-05-01),
2025-10-29,2026-09-21,184.0,WGA 2023 MBA expires (successor already ratified) (2026-05-01),
2025-10-30,2026-09-21,183.0,WGA 2023 MBA expires (successor already ratified) (2026-05-01),
2025-10-31,2026-09-21,182.0,WGA 2023 MBA expires (successor already ratified) (2026-05-01),
2025-11-01,2026-09-21,181.0,WGA 2023 MBA expires (successor already ratified) (2026-05-01),
2025-11-02,2026-09-21,180.0,WGA 2023 MBA expires (successor already ratified) (2026-05-01),
2025-11-03,2026-09-21,179.0,WGA 2023 MBA expires (successor already ratified) (2026-05-01),
2025-11-04,2026-09-21,178.0,WGA 2023 MBA expires (successor already ratified) (2026-05-01),
2025-11-05,2026-09-21,177.0,WGA 2023 MBA expires (successor already ratified) (2026-05-01),
2025-11-06,2026-09-21,176.0,WGA 2023 MBA expires (successor already ratified) (2026-05-01),
2025-11-07,2026-09-21,175.0,WGA 2023 MBA expires (successor already ratified) (2026-05-01),
2025-11-08,2026-09-21,174.0,WGA 2023 MBA expires (successor already ratified) (2026-05-01),
2025-11-09,2026-09-21,173.0,WGA 2023 MBA expires (successor already ratified) (2026-05-01),
2025-11-10,2026-09-21,172.0,WGA 2023 MBA expires (successor already ratified) (2026-05-01),
2025-11-11,2026-09-21,171.0,WGA 2023 MBA expires (successor already ratified) (2026-05-01),
2025-11-12,2026-09-21,170.0,WGA 2023 MBA expires (successor already ratified) (2026-05-01),
2025-11-13,2026-09-21,169.0,WGA 2023 MBA expires (successor already ratified) (2026-05-01),
2025-11-14,2026-09-21,168.0,WGA 2023 MBA expires (successor already ratified) (2026-05-01),
2025-11-15,2026-09-21,167.0,WGA 2023 MBA expires (successor already ratified) (2026-05-01),
2025-11-16,2026-09-21,166.0,WGA 2023 MBA expires (successor already ratified) (2026-05-01),
2025-11-17,2026-09-21,165.0,WGA 2023 MBA expires (successor already ratified) (2026-05-01),
2025-11-18,2026-09-21,164.0,WGA 2023 MBA expires (successor already ratified) (2026-05-01),
2025-11-19,2026-09-21,163.0,WGA 2023 MBA expires (successor already ratified) (2026-05-01),
2025-11-20,2026-09-21,162.0,WGA 2023 MBA expires (successor already ratified) (2026-05-01),
2025-11-21,2026-09-21,161.0,WGA 2023 MBA expires (successor already ratified) (2026-05-01),
2025-11-22,2026-09-21,160.0,WGA 2023 MBA expires (successor already ratified) (2026-05-01),
2025-11-23,2026-09-21,159.0,WGA 2023 MBA expires (successor already ratified) (2026-05-01),
2025-11-24,2026-09-21,158.0,WGA 2023 MBA expires (successor already ratified) (2026-05-01),
2025-11-25,2026-09-21,157.0,WGA 2023 MBA expires (successor already ratified) (2026-05-01),
2025-11-26,2026-09-21,156.0,WGA 2023 MBA expires (successor already ratified) (2026-05-01),
2025-11-27,2026-09-21,155.0,WGA 2023 MBA expires (successor already ratified) (2026-05-01),
2025-11-28,2026-09-21,154.0,WGA 2023 MBA expires (successor already ratified) (2026-05-01),
2025-11-29,2026-09-21,153.0,WGA 2023 MBA expires (successor already ratified) (2026-05-01),
2025-11-30,2026-09-21,152.0,WGA 2023 MBA expires (successor already ratified) (2026-05-01),
2025-12-01,2026-09-21,151.0,WGA 2023 MBA expires (successor already ratified) (2026-05-01),
2025-12-02,2026-09-21,150.0,WGA 2023 MBA expires (successor already ratified) (2026-05-01),
2025-12-03,2026-09-21,149.0,WGA 2023 MBA expires (successor already ratified) (2026-05-01),
2025-12-04,2026-09-21,148.0,WGA 2023 MBA expires (successor already ratified) (2026-05-01),
2025-12-05,2026-09-21,147.0,WGA 2023 MBA expires (successor already ratified) (2026-05-01),
2025-12-06,2026-09-21,146.0,WGA 2023 MBA expires (successor already ratified) (2026-05-01),
2025-12-07,2026-09-21,145.0,WGA 2023 MBA expires (successor already ratified) (2026-05-01),
2025-12-08,2026-09-21,144.0,WGA 2023 MBA expires (successor already ratified) (2026-05-01),
2025-12-09,2026-09-21,143.0,WGA 2023 MBA expires (successor already ratified) (2026-05-01),
2025-12-10,2026-09-21,142.0,WGA 2023 MBA expires (successor already ratified) (2026-05-01),
2025-12-11,2026-09-21,141.0,WGA 2023 MBA expires (successor already ratified) (2026-05-01),
2025-12-12,2026-09-21,140.0,WGA 2023 MBA expires (successor already ratified) (2026-05-01),
2025-12-13,2026-09-21,139.0,WGA 2023 MBA expires (successor already ratified) (2026-05-01),
2025-12-14,2026-09-21,138.0,WGA 2023 MBA expires (successor already ratified) (2026-05-01),
2025-12-15,2026-09-21,137.0,WGA 2023 MBA expires (successor already ratified) (2026-05-01),
2025-12-16,2026-09-21,136.0,WGA 2023 MBA expires (successor already ratified) (2026-05-01),
2025-12-17,2026-09-21,135.0,WGA 2023 MBA expires (successor already ratified) (2026-05-01),
2025-12-18,2026-09-21,134.0,WGA 2023 MBA expires (successor already ratified) (2026-05-01),
2025-12-19,2026-09-21,133.0,WGA 2023 MBA expires (successor already ratified) (2026-05-01),
2025-12-20,2026-09-21,132.0,WGA 2023 MBA expires (successor already ratified) (2026-05-01),
2025-12-21,2026-09-21,131.0,WGA 2023 MBA expires (successor already ratified) (2026-05-01),
2025-12-22,2026-09-21,130.0,WGA 2023 MBA expires (successor already ratified) (2026-05-01),
2025-12-23,2026-09-21,129.0,WGA 2023 MBA expires (successor already ratified) (2026-05-01),
2025-12-24,2026-09-21,128.0,WGA 2023 MBA expires (successor already ratified) (2026-05-01),
2025-12-25,2026-09-21,127.0,WGA 2023 MBA expires (successor already ratified) (2026-05-01),
2025-12-26,2026-09-21,126.0,WGA 2023 MBA expires (successor already ratified) (2026-05-01),
2025-12-27,2026-09-21,125.0,WGA 2023 MBA expires (successor already ratified) (2026-05-01),
2025-12-28,2026-09-21,124.0,WGA 2023 MBA expires (successor already ratified) (2026-05-01),
2025-12-29,2026-09-21,123.0,WGA 2023 MBA expires (successor already ratified) (2026-05-01),
2025-12-30,2026-09-21,122.0,WGA 2023 MBA expires (successor already ratified) (2026-05-01),
2025-12-31,2026-09-21,121.0,WGA 2023 MBA expires (successor already ratified) (2026-05-01),
2026-01-01,2026-09-21,120.0,WGA 2023 MBA expires (successor already ratified) (2026-05-01),
2026-01-02,2026-09-21,119.0,WGA 2023 MBA expires (successor already ratified) (2026-05-01),
2026-01-03,2026-09-21,118.0,WGA 2023 MBA expires (successor already ratified) (2026-05-01),
2026-01-04,2026-09-21,117.0,WGA 2023 MBA expires (successor already ratified) (2026-05-01),
2026-01-05,2026-09-21,116.0,WGA 2023 MBA expires (successor already ratified) (2026-05-01),
2026-01-06,2026-09-21,115.0,WGA 2023 MBA expires (successor already ratified) (2026-05-01),
2026-01-07,2026-09-21,114.0,WGA 2023 MBA expires (successor already ratified) (2026-05-01),
2026-01-08,2026-09-21,113.0,WGA 2023 MBA expires (successor already ratified) (2026-05-01),
2026-01-09,2026-09-21,112.0,WGA 2023 MBA expires (successor already ratified) (2026-05-01),
2026-01-10,2026-09-21,111.0,WGA 2023 MBA expires (successor already ratified) (2026-05-01),
2026-01-11,2026-09-21,110.0,WGA 2023 MBA expires (successor already ratified) (2026-05-01),
2026-01-12,2026-09-21,109.0,WGA 2023 MBA expires (successor already ratified) (2026-05-01),
2026-01-13,2026-09-21,108.0,WGA 2023 MBA expires (successor already ratified) (2026-05-01),
2026-01-14,2026-09-21,107.0,WGA 2023 MBA expires (successor already ratified) (2026-05-01),
2026-01-15,2026-09-21,106.0,WGA 2023 MBA expires (successor already ratified) (2026-05-01),
2026-01-16,2026-09-21,105.0,WGA 2023 MBA expires (successor already ratified) (2026-05-01),
2026-01-17,2026-09-21,104.0,WGA 2023 MBA expires (successor already ratified) (2026-05-01),
2026-01-18,2026-09-21,103.0,WGA 2023 MBA expires (successor already ratified) (2026-05-01),
2026-01-19,2026-09-21,102.0,WGA 2023 MBA expires (successor already ratified) (2026-05-01),
2026-01-20,2026-09-21,101.0,WGA 2023 MBA expires (successor already ratified) (2026-05-01),
2026-01-21,2026-09-21,100.0,WGA 2023 MBA expires (successor already ratified) (2026-05-01),
2026-01-22,2026-09-21,99.0,WGA 2023 MBA expires (successor already ratified) (2026-05-01),
2026-01-23,2026-09-21,98.0,WGA 2023 MBA expires (successor already ratified) (2026-05-01),
2026-01-24,2026-09-21,97.0,WGA 2023 MBA expires (successor already ratified) (2026-05-01),
2026-01-25,2026-09-21,96.0,WGA 2023 MBA expires (successor already ratified) (2026-05-01),
2026-01-26,2026-09-21,95.0,WGA 2023 MBA expires (successor already ratified) (2026-05-01),
2026-01-27,2026-09-21,94.0,WGA 2023 MBA expires (successor already ratified) (2026-05-01),
2026-01-28,2026-09-21,93.0,WGA 2023 MBA expires (successor already ratified) (2026-05-01),
2026-01-29,2026-09-21,92.0,WGA 2023 MBA expires (successor already ratified) (2026-05-01),
2026-01-30,2026-09-21,91.0,WGA 2023 MBA expires (successor already ratified) (2026-05-01),
2026-01-31,2026-09-21,90.0,WGA 2023 MBA expires (successor already ratified) (2026-05-01),
2026-02-01,2026-09-21,89.0,WGA 2023 MBA expires (successor already ratified) (2026-05-01),
2026-02-02,2026-09-21,88.0,WGA 2023 MBA expires (successor already ratified) (2026-05-01),
2026-02-03,2026-09-21,87.0,WGA 2023 MBA expires (successor already ratified) (2026-05-01),
2026-02-04,2026-09-21,86.0,WGA 2023 MBA expires (successor already ratified) (2026-05-01),
2026-02-05,2026-09-21,85.0,WGA 2023 MBA expires (successor already ratified) (2026-05-01),
2026-02-06,2026-09-21,84.0,WGA 2023 MBA expires (successor already ratified) (2026-05-01),
2026-02-07,2026-09-21,83.0,WGA 2023 MBA expires (successor already ratified) (2026-05-01),
2026-02-08,2026-09-21,82.0,WGA 2023 MBA expires (successor already ratified) (2026-05-01),
2026-02-09,2026-09-21,81.0,WGA 2023 MBA expires (successor already ratified) (2026-05-01),
2026-02-10,2026-09-21,80.0,WGA 2023 MBA expires (successor already ratified) (2026-05-01),
2026-02-11,2026-09-21,79.0,WGA 2023 MBA expires (successor already ratified) (2026-05-01),
2026-02-12,2026-09-21,78.0,WGA 2023 MBA expires (successor already ratified) (2026-05-01),
2026-02-13,2026-09-21,77.0,WGA 2023 MBA expires (successor already ratified) (2026-05-01),
2026-02-14,2026-09-21,76.0,WGA 2023 MBA expires (successor already ratified) (2026-05-01),
2026-02-15,2026-09-21,75.0,WGA 2023 MBA expires (successor already ratified) (2026-05-01),
2026-02-16,2026-09-21,74.0,WGA 2023 MBA expires (successor already ratified) (2026-05-01),
2026-02-17,2026-09-21,73.0,WGA 2023 MBA expires (successor already ratified) (2026-05-01),
2026-02-18,2026-09-21,72.0,WGA 2023 MBA expires (successor already ratified) (2026-05-01),
2026-02-19,2026-09-21,71.0,WGA 2023 MBA expires (successor already ratified) (2026-05-01),
2026-02-20,2026-09-21,70.0,WGA 2023 MBA expires (successor already ratified) (2026-05-01),
2026-02-21,2026-09-21,69.0,WGA 2023 MBA expires (successor already ratified) (2026-05-01),
2026-02-22,2026-09-21,68.0,WGA 2023 MBA expires (successor already ratified) (2026-05-01),
2026-02-23,2026-09-21,67.0,WGA 2023 MBA expires (successor already ratified) (2026-05-01),
2026-02-24,2026-09-21,66.0,WGA 2023 MBA expires (successor already ratified) (2026-05-01),
2026-02-25,2026-09-21,65.0,WGA 2023 MBA expires (successor already ratified) (2026-05-01),
2026-02-26,2026-09-21,64.0,WGA 2023 MBA expires (successor already ratified) (2026-05-01),
2026-02-27,2026-09-21,63.0,WGA 2023 MBA expires (successor already ratified) (2026-05-01),
2026-02-28,2026-09-21,62.0,WGA 2023 MBA expires (successor already ratified) (2026-05-01),
2026-03-01,2026-09-21,61.0,WGA 2023 MBA expires (successor already ratified) (2026-05-01),
2026-03-02,2026-09-21,60.0,WGA 2023 MBA expires (successor already ratified) (2026-05-01),
2026-03-03,2026-09-21,59.0,WGA 2023 MBA expires (successor already ratified) (2026-05-01),
2026-03-04,2026-09-21,58.0,WGA 2023 MBA expires (successor already ratified) (2026-05-01),
2026-03-05,2026-09-21,57.0,WGA 2023 MBA expires (successor already ratified) (2026-05-01),
2026-03-06,2026-09-21,56.0,WGA 2023 MBA expires (successor already ratified) (2026-05-01),
2026-03-07,2026-09-21,55.0,WGA 2023 MBA expires (successor already ratified) (2026-05-01),
2026-03-08,2026-09-21,54.0,WGA 2023 MBA expires (successor already ratified) (2026-05-01),
2026-03-09,2026-09-21,53.0,WGA 2023 MBA expires (successor already ratified) (2026-05-01),
2026-03-10,2026-09-21,52.0,WGA 2023 MBA expires (successor already ratified) (2026-05-01),
2026-03-11,2026-09-21,51.0,WGA 2023 MBA expires (successor already ratified) (2026-05-01),
2026-03-12,2026-09-21,50.0,WGA 2023 MBA expires (successor already ratified) (2026-05-01),
2026-03-13,2026-09-21,49.0,WGA 2023 MBA expires (successor already ratified) (2026-05-01),
2026-03-14,2026-09-21,48.0,WGA 2023 MBA expires (successor already ratified) (2026-05-01),
2026-03-15,2026-09-21,47.0,WGA 2023 MBA expires (successor already ratified) (2026-05-01),
2026-03-16,2026-09-21,46.0,WGA 2023 MBA expires (successor already ratified) (2026-05-01),
2026-03-17,2026-09-21,45.0,WGA 2023 MBA expires (successor already ratified) (2026-05-01),
2026-03-18,2026-09-21,44.0,WGA 2023 MBA expires (successor already ratified) (2026-05-01),
2026-03-19,2026-09-21,43.0,WGA 2023 MBA expires (successor already ratified) (2026-05-01),
2026-03-20,2026-09-21,42.0,WGA 2023 MBA expires (successor already ratified) (2026-05-01),
2026-03-21,2026-09-21,41.0,WGA 2023 MBA expires (successor already ratified) (2026-05-01),
2026-03-22,2026-09-21,40.0,WGA 2023 MBA expires (successor already ratified) (2026-05-01),
2026-03-23,2026-09-21,39.0,WGA 2023 MBA expires (successor already ratified) (2026-05-01),
2026-03-24,2026-09-21,38.0,WGA 2023 MBA expires (successor already ratified) (2026-05-01),
2026-03-25,2026-09-21,37.0,WGA 2023 MBA expires (successor already ratified) (2026-05-01),
2026-03-26,2026-09-21,36.0,WGA 2023 MBA expires (successor already ratified) (2026-05-01),
2026-03-27,2026-09-21,35.0,WGA 2023 MBA expires (successor already ratified) (2026-05-01),
2026-03-28,2026-09-21,34.0,WGA 2023 MBA expires (successor already ratified) (2026-05-01),
2026-03-29,2026-09-21,33.0,WGA 2023 MBA expires (successor already ratified) (2026-05-01),
2026-03-30,2026-09-21,32.0,WGA 2023 MBA expires (successor already ratified) (2026-05-01),
2026-03-31,2026-09-21,31.0,WGA 2023 MBA expires (successor already ratified) (2026-05-01),
2026-04-01,2026-09-21,30.0,WGA 2023 MBA expires (successor already ratified) (2026-05-01),
2026-04-02,2026-09-21,29.0,WGA 2023 MBA expires (successor already ratified) (2026-05-01),
2026-04-03,2026-09-21,28.0,WGA 2023 MBA expires (successor already ratified) (2026-05-01),
2026-04-04,2026-09-21,27.0,WGA 2023 MBA expires (successor already ratified) (2026-05-01),
2026-04-05,2026-09-21,26.0,WGA 2023 MBA expires (successor already ratified) (2026-05-01),
2026-04-06,2026-09-21,25.0,WGA 2023 MBA expires (successor already ratified) (2026-05-01),
2026-04-07,2026-09-21,24.0,WGA 2023 MBA expires (successor already ratified) (2026-05-01),
2026-04-08,2026-09-21,23.0,WGA 2023 MBA expires (successor already ratified) (2026-05-01),
2026-04-09,2026-09-21,22.0,WGA 2023 MBA expires (successor already ratified) (2026-05-01),
2026-04-10,2026-09-21,21.0,WGA 2023 MBA expires (successor already ratified) (2026-05-01),
2026-04-11,2026-09-21,20.0,WGA 2023 MBA expires (successor already ratified) (2026-05-01),
2026-04-12,2026-09-21,19.0,WGA 2023 MBA expires (successor already ratified) (2026-05-01),
2026-04-13,2026-09-21,18.0,WGA 2023 MBA expires (successor already ratified) (2026-05-01),
2026-04-14,2026-09-21,17.0,WGA 2023 MBA expires (successor already ratified) (2026-05-01),
2026-04-15,2026-09-21,16.0,WGA 2023 MBA expires (successor already ratified) (2026-05-01),
2026-04-16,2026-09-21,15.0,WGA 2023 MBA expires (successor already ratified) (2026-05-01),
2026-04-17,2026-09-21,14.0,WGA 2023 MBA expires (successor already ratified) (2026-05-01),
2026-04-18,2026-09-21,13.0,WGA 2023 MBA expires (successor already ratified) (2026-05-01),
2026-04-19,2026-09-21,12.0,WGA 2023 MBA expires (successor already ratified) (2026-05-01),
2026-04-20,2026-09-21,11.0,WGA 2023 MBA expires (successor already ratified) (2026-05-01),
2026-04-21,2026-09-21,10.0,WGA 2023 MBA expires (successor already ratified) (2026-05-01),
2026-04-22,2026-09-21,9.0,WGA 2023 MBA expires (successor already ratified) (2026-05-01),
2026-04-23,2026-09-21,8.0,WGA 2023 MBA expires (successor already ratified) (2026-05-01),
2026-04-24,2026-09-21,7.0,WGA 2023 MBA expires (successor already ratified) (2026-05-01),
2026-04-25,2026-09-21,6.0,WGA 2023 MBA expires (successor already ratified) (2026-05-01),
2026-04-26,2026-09-21,5.0,WGA 2023 MBA expires (successor already ratified) (2026-05-01),
2026-04-27,2026-09-21,4.0,WGA 2023 MBA expires (successor already ratified) (2026-05-01),
2026-04-28,2026-09-21,3.0,WGA 2023 MBA expires (successor already ratified) (2026-05-01),
2026-04-29,2026-09-21,2.0,WGA 2023 MBA expires (successor already ratified) (2026-05-01),
2026-04-30,2026-09-21,1.0,WGA 2023 MBA expires (successor already ratified) (2026-05-01),
2026-05-01,2026-09-21,0.0,WGA 2023 MBA expires (successor already ratified) (2026-05-01),
2026-05-02,2026-09-21,59.0,SAG-AFTRA 2023 TV/Theatrical contracts expire (successor already ratified) (2026-06-30),
2026-05-03,2026-09-21,58.0,SAG-AFTRA 2023 TV/Theatrical contracts expire (successor already ratified) (2026-06-30),
2026-05-04,2026-09-21,57.0,SAG-AFTRA 2023 TV/Theatrical contracts expire (successor already ratified) (2026-06-30),
2026-05-05,2026-09-21,56.0,SAG-AFTRA 2023 TV/Theatrical contracts expire (successor already ratified) (2026-06-30),
2026-05-06,2026-09-21,55.0,SAG-AFTRA 2023 TV/Theatrical contracts expire (successor already ratified) (2026-06-30),
2026-05-07,2026-09-21,54.0,SAG-AFTRA 2023 TV/Theatrical contracts expire (successor already ratified) (2026-06-30),
2026-05-08,2026-09-21,53.0,SAG-AFTRA 2023 TV/Theatrical contracts expire (successor already ratified) (2026-06-30),
2026-05-09,2026-09-21,52.0,SAG-AFTRA 2023 TV/Theatrical contracts expire (successor already ratified) (2026-06-30),
2026-05-10,2026-09-21,51.0,SAG-AFTRA 2023 TV/Theatrical contracts expire (successor already ratified) (2026-06-30),
2026-05-11,2026-09-21,50.0,SAG-AFTRA 2023 TV/Theatrical contracts expire (successor already ratified) (2026-06-30),
2026-05-12,2026-09-21,49.0,SAG-AFTRA 2023 TV/Theatrical contracts expire (successor already ratified) (2026-06-30),
2026-05-13,2026-09-21,48.0,SAG-AFTRA 2023 TV/Theatrical contracts expire (successor already ratified) (2026-06-30),
2026-05-14,2026-09-21,47.0,SAG-AFTRA 2023 TV/Theatrical contracts expire (successor already ratified) (2026-06-30),
2026-05-15,2026-09-21,46.0,SAG-AFTRA 2023 TV/Theatrical contracts expire (successor already ratified) (2026-06-30),
2026-05-16,2026-09-21,45.0,SAG-AFTRA 2023 TV/Theatrical contracts expire (successor already ratified) (2026-06-30),
2026-05-17,2026-09-21,44.0,SAG-AFTRA 2023 TV/Theatrical contracts expire (successor already ratified) (2026-06-30),
2026-05-18,2026-09-21,43.0,SAG-AFTRA 2023 TV/Theatrical contracts expire (successor already ratified) (2026-06-30),
2026-05-19,2026-09-21,42.0,SAG-AFTRA 2023 TV/Theatrical contracts expire (successor already ratified) (2026-06-30),
2026-05-20,2026-09-21,41.0,SAG-AFTRA 2023 TV/Theatrical contracts expire (successor already ratified) (2026-06-30),
2026-05-21,2026-09-21,40.0,SAG-AFTRA 2023 TV/Theatrical contracts expire (successor already ratified) (2026-06-30),
2026-05-22,2026-09-21,39.0,SAG-AFTRA 2023 TV/Theatrical contracts expire (successor already ratified) (2026-06-30),
2026-05-23,2026-09-21,38.0,SAG-AFTRA 2023 TV/Theatrical contracts expire (successor already ratified) (2026-06-30),
2026-05-24,2026-09-21,37.0,SAG-AFTRA 2023 TV/Theatrical contracts expire (successor already ratified) (2026-06-30),
2026-05-25,2026-09-21,36.0,SAG-AFTRA 2023 TV/Theatrical contracts expire (successor already ratified) (2026-06-30),
2026-05-26,2026-09-21,35.0,SAG-AFTRA 2023 TV/Theatrical contracts expire (successor already ratified) (2026-06-30),
2026-05-27,2026-09-21,34.0,SAG-AFTRA 2023 TV/Theatrical contracts expire (successor already ratified) (2026-06-30),
2026-05-28,2026-09-21,33.0,SAG-AFTRA 2023 TV/Theatrical contracts expire (successor already ratified) (2026-06-30),
2026-05-29,2026-09-21,32.0,SAG-AFTRA 2023 TV/Theatrical contracts expire (successor already ratified) (2026-06-30),
2026-05-30,2026-09-21,31.0,SAG-AFTRA 2023 TV/Theatrical contracts expire (successor already ratified) (2026-06-30),
2026-05-31,2026-09-21,30.0,SAG-AFTRA 2023 TV/Theatrical contracts expire (successor already ratified) (2026-06-30),
2026-06-01,2026-09-21,29.0,SAG-AFTRA 2023 TV/Theatrical contracts expire (successor already ratified) (2026-06-30),
2026-06-02,2026-09-21,28.0,SAG-AFTRA 2023 TV/Theatrical contracts expire (successor already ratified) (2026-06-30),
2026-06-03,2026-09-21,27.0,SAG-AFTRA 2023 TV/Theatrical contracts expire (successor already ratified) (2026-06-30),
2026-06-04,2026-09-21,26.0,SAG-AFTRA 2023 TV/Theatrical contracts expire (successor already ratified) (2026-06-30),
2026-06-05,2026-09-21,25.0,SAG-AFTRA 2023 TV/Theatrical contracts expire (successor already ratified) (2026-06-30),
2026-06-06,2026-09-21,24.0,SAG-AFTRA 2023 TV/Theatrical contracts expire (successor already ratified) (2026-06-30),
2026-06-07,2026-09-21,23.0,SAG-AFTRA 2023 TV/Theatrical contracts expire (successor already ratified) (2026-06-30),
2026-06-08,2026-09-21,22.0,SAG-AFTRA 2023 TV/Theatrical contracts expire (successor already ratified) (2026-06-30),
2026-06-09,2026-09-21,21.0,SAG-AFTRA 2023 TV/Theatrical contracts expire (successor already ratified) (2026-06-30),
2026-06-10,2026-09-21,20.0,SAG-AFTRA 2023 TV/Theatrical contracts expire (successor already ratified) (2026-06-30),
2026-06-11,2026-09-21,19.0,SAG-AFTRA 2023 TV/Theatrical contracts expire (successor already ratified) (2026-06-30),
2026-06-12,2026-09-21,18.0,SAG-AFTRA 2023 TV/Theatrical contracts expire (successor already ratified) (2026-06-30),
2026-06-13,2026-09-21,17.0,SAG-AFTRA 2023 TV/Theatrical contracts expire (successor already ratified) (2026-06-30),
2026-06-14,2026-09-21,16.0,SAG-AFTRA 2023 TV/Theatrical contracts expire (successor already ratified) (2026-06-30),
2026-06-15,2026-09-21,15.0,SAG-AFTRA 2023 TV/Theatrical contracts expire (successor already ratified) (2026-06-30),
2026-06-16,2026-09-21,14.0,SAG-AFTRA 2023 TV/Theatrical contracts expire (successor already ratified) (2026-06-30),
2026-06-17,2026-09-21,13.0,SAG-AFTRA 2023 TV/Theatrical contracts expire (successor already ratified) (2026-06-30),
2026-06-18,2026-09-21,12.0,SAG-AFTRA 2023 TV/Theatrical contracts expire (successor already ratified) (2026-06-30),
2026-06-19,2026-09-21,11.0,SAG-AFTRA 2023 TV/Theatrical contracts expire (successor already ratified) (2026-06-30),
2026-06-20,2026-09-21,10.0,SAG-AFTRA 2023 TV/Theatrical contracts expire (successor already ratified) (2026-06-30),
2026-06-21,2026-09-21,9.0,SAG-AFTRA 2023 TV/Theatrical contracts expire (successor already ratified) (2026-06-30),
2026-06-22,2026-09-21,8.0,SAG-AFTRA 2023 TV/Theatrical contracts expire (successor already ratified) (2026-06-30),
2026-06-23,2026-09-21,7.0,SAG-AFTRA 2023 TV/Theatrical contracts expire (successor already ratified) (2026-06-30),
2026-06-24,2026-09-21,6.0,SAG-AFTRA 2023 TV/Theatrical contracts expire (successor already ratified) (2026-06-30),
2026-06-25,2026-09-21,5.0,SAG-AFTRA 2023 TV/Theatrical contracts expire (successor already ratified) (2026-06-30),
2026-06-26,2026-09-21,4.0,SAG-AFTRA 2023 TV/Theatrical contracts expire (successor already ratified) (2026-06-30),
2026-06-27,2026-09-21,3.0,SAG-AFTRA 2023 TV/Theatrical contracts expire (successor already ratified) (2026-06-30),
2026-06-28,2026-09-21,2.0,SAG-AFTRA 2023 TV/Theatrical contracts expire (successor already ratified) (2026-06-30),
2026-06-29,2026-09-21,1.0,SAG-AFTRA 2023 TV/Theatrical contracts expire (successor already ratified) (2026-06-30),
2026-06-30,2026-09-21,0.0,SAG-AFTRA 2023 TV/Theatrical contracts expire (successor already ratified) (2026-06-30),
2026-07-01,2026-09-21,395.0,IATSE 2024 Hollywood Basic Agreement expires (2027-07-31),
2026-07-02,2026-09-21,394.0,IATSE 2024 Hollywood Basic Agreement expires (2027-07-31),
2026-07-03,2026-09-21,393.0,IATSE 2024 Hollywood Basic Agreement expires (2027-07-31),
2026-07-04,2026-09-21,392.0,IATSE 2024 Hollywood Basic Agreement expires (2027-07-31),
2026-07-05,2026-09-21,391.0,IATSE 2024 Hollywood Basic Agreement expires (2027-07-31),
2026-07-06,2026-09-21,390.0,IATSE 2024 Hollywood Basic Agreement expires (2027-07-31),
2026-07-07,2026-09-21,389.0,IATSE 2024 Hollywood Basic Agreement expires (2027-07-31),
2026-07-08,2026-09-21,388.0,IATSE 2024 Hollywood Basic Agreement expires (2027-07-31),
2026-07-09,2026-09-21,387.0,IATSE 2024 Hollywood Basic Agreement expires (2027-07-31),
2026-07-10,2026-09-21,386.0,IATSE 2024 Hollywood Basic Agreement expires (2027-07-31),
2026-07-11,2026-09-21,385.0,IATSE 2024 Hollywood Basic Agreement expires (2027-07-31),
2026-07-12,2026-09-21,384.0,IATSE 2024 Hollywood Basic Agreement expires (2027-07-31),
2026-07-13,2026-09-21,383.0,IATSE 2024 Hollywood Basic Agreement expires (2027-07-31),
2026-07-14,2026-09-21,382.0,IATSE 2024 Hollywood Basic Agreement expires (2027-07-31),
2026-07-15,2026-09-21,381.0,IATSE 2024 Hollywood Basic Agreement expires (2027-07-31),
2026-07-16,2026-09-21,380.0,IATSE 2024 Hollywood Basic Agreement expires (2027-07-31),
2026-07-17,2026-09-21,379.0,IATSE 2024 Hollywood Basic Agreement expires (2027-07-31),
2026-07-18,2026-09-21,378.0,IATSE 2024 Hollywood Basic Agreement expires (2027-07-31),
2026-07-19,2026-09-21,377.0,IATSE 2024 Hollywood Basic Agreement expires (2027-07-31),
2026-07-20,2026-09-21,376.0,IATSE 2024 Hollywood Basic Agreement expires (2027-07-31),
2026-07-21,2026-09-21,375.0,IATSE 2024 Hollywood Basic Agreement expires (2027-07-31),
2026-07-22,2026-09-21,374.0,IATSE 2024 Hollywood Basic Agreement expires (2027-07-31),
2026-07-23,2026-09-21,373.0,IATSE 2024 Hollywood Basic Agreement expires (2027-07-31),
2026-07-24,2026-09-21,372.0,IATSE 2024 Hollywood Basic Agreement expires (2027-07-31),
2026-07-25,2026-09-21,371.0,IATSE 2024 Hollywood Basic Agreement expires (2027-07-31),
2026-07-26,2026-09-21,370.0,IATSE 2024 Hollywood Basic Agreement expires (2027-07-31),
2026-07-27,2026-09-21,369.0,IATSE 2024 Hollywood Basic Agreement expires (2027-07-31),
2026-07-28,2026-09-21,368.0,IATSE 2024 Hollywood Basic Agreement expires (2027-07-31),
2026-07-29,2026-09-21,367.0,IATSE 2024 Hollywood Basic Agreement expires (2027-07-31),
2026-07-30,2026-09-21,366.0,IATSE 2024 Hollywood Basic Agreement expires (2027-07-31),
2026-07-31,2026-09-21,365.0,IATSE 2024 Hollywood Basic Agreement expires (2027-07-31),
2026-08-01,2026-09-21,364.0,IATSE 2024 Hollywood Basic Agreement expires (2027-07-31),
2026-08-02,2026-09-21,363.0,IATSE 2024 Hollywood Basic Agreement expires (2027-07-31),
2026-08-03,2026-09-21,362.0,IATSE 2024 Hollywood Basic Agreement expires (2027-07-31),
2026-08-04,2026-09-21,361.0,IATSE 2024 Hollywood Basic Agreement expires (2027-07-31),
2026-08-05,2026-09-21,360.0,IATSE 2024 Hollywood Basic Agreement expires (2027-07-31),
2026-08-06,2026-09-21,359.0,IATSE 2024 Hollywood Basic Agreement expires (2027-07-31),
2026-08-07,2026-09-21,358.0,IATSE 2024 Hollywood Basic Agreement expires (2027-07-31),
2026-08-08,2026-09-21,357.0,IATSE 2024 Hollywood Basic Agreement expires (2027-07-31),
2026-08-09,2026-09-21,356.0,IATSE 2024 Hollywood Basic Agreement expires (2027-07-31),
2026-08-10,2026-09-21,355.0,IATSE 2024 Hollywood Basic Agreement expires (2027-07-31),
2026-08-11,2026-09-21,354.0,IATSE 2024 Hollywood Basic Agreement expires (2027-07-31),
2026-08-12,2026-09-21,353.0,IATSE 2024 Hollywood Basic Agreement expires (2027-07-31),
2026-08-13,2026-09-21,352.0,IATSE 2024 Hollywood Basic Agreement expires (2027-07-31),
2026-08-14,2026-09-21,351.0,IATSE 2024 Hollywood Basic Agreement expires (2027-07-31),
2026-08-15,2026-09-21,350.0,IATSE 2024 Hollywood Basic Agreement expires (2027-07-31),
2026-08-16,2026-09-21,349.0,IATSE 2024 Hollywood Basic Agreement expires (2027-07-31),
2026-08-17,2026-09-21,348.0,IATSE 2024 Hollywood Basic Agreement expires (2027-07-31),
2026-08-18,2026-09-21,347.0,IATSE 2024 Hollywood Basic Agreement expires (2027-07-31),
2026-08-19,2026-09-21,346.0,IATSE 2024 Hollywood Basic Agreement expires (2027-07-31),
2026-08-20,2026-09-21,345.0,IATSE 2024 Hollywood Basic Agreement expires (2027-07-31),
2026-08-21,2026-09-21,344.0,IATSE 2024 Hollywood Basic Agreement expires (2027-07-31),
2026-08-22,2026-09-21,343.0,IATSE 2024 Hollywood Basic Agreement expires (2027-07-31),
2026-08-23,2026-09-21,342.0,IATSE 2024 Hollywood Basic Agreement expires (2027-07-31),
2026-08-24,2026-09-21,341.0,IATSE 2024 Hollywood Basic Agreement expires (2027-07-31),
2026-08-25,2026-09-21,340.0,IATSE 2024 Hollywood Basic Agreement expires (2027-07-31),
2026-08-26,2026-09-21,339.0,IATSE 2024 Hollywood Basic Agreement expires (2027-07-31),
2026-08-27,2026-09-21,338.0,IATSE 2024 Hollywood Basic Agreement expires (2027-07-31),
2026-08-28,2026-09-21,337.0,IATSE 2024 Hollywood Basic Agreement expires (2027-07-31),
2026-08-29,2026-09-21,336.0,IATSE 2024 Hollywood Basic Agreement expires (2027-07-31),
2026-08-30,2026-09-21,335.0,IATSE 2024 Hollywood Basic Agreement expires (2027-07-31),
2026-08-31,2026-09-21,334.0,IATSE 2024 Hollywood Basic Agreement expires (2027-07-31),
2026-09-01,2026-09-21,333.0,IATSE 2024 Hollywood Basic Agreement expires (2027-07-31),
2026-09-02,2026-09-21,332.0,IATSE 2024 Hollywood Basic Agreement expires (2027-07-31),
2026-09-03,2026-09-21,331.0,IATSE 2024 Hollywood Basic Agreement expires (2027-07-31),
2026-09-04,2026-09-21,330.0,IATSE 2024 Hollywood Basic Agreement expires (2027-07-31),
2026-09-05,2026-09-21,329.0,IATSE 2024 Hollywood Basic Agreement expires (2027-07-31),
2026-09-06,2026-09-21,328.0,IATSE 2024 Hollywood Basic Agreement expires (2027-07-31),
2026-09-07,2026-09-21,327.0,IATSE 2024 Hollywood Basic Agreement expires (2027-07-31),
2026-09-08,2026-09-21,326.0,IATSE 2024 Hollywood Basic Agreement expires (2027-07-31),
2026-09-09,2026-09-21,325.0,IATSE 2024 Hollywood Basic Agreement expires (2027-07-31),
2026-09-10,2026-09-21,324.0,IATSE 2024 Hollywood Basic Agreement expires (2027-07-31),
2026-09-11,2026-09-21,323.0,IATSE 2024 Hollywood Basic Agreement expires (2027-07-31),
2026-09-12,2026-09-21,322.0,IATSE 2024 Hollywood Basic Agreement expires (2027-07-31),
2026-09-13,2026-09-21,321.0,IATSE 2024 Hollywood Basic Agreement expires (2027-07-31),
2026-09-14,2026-09-21,320.0,IATSE 2024 Hollywood Basic Agreement expires (2027-07-31),
2026-09-15,2026-09-21,319.0,IATSE 2024 Hollywood Basic Agreement expires (2027-07-31),
2026-09-16,2026-09-21,318.0,IATSE 2024 Hollywood Basic Agreement expires (2027-07-31),
2026-09-17,2026-09-21,317.0,IATSE 2024 Hollywood Basic Agreement expires (2027-07-31),
2026-09-18,2026-09-21,316.0,IATSE 2024 Hollywood Basic Agreement expires (2027-07-31),
2026-09-19,2026-09-21,315.0,IATSE 2024 Hollywood Basic Agreement expires (2027-07-31),
2026-09-20,2026-09-21,314.0,IATSE 2024 Hollywood Basic Agreement expires (2027-07-31),
2026-09-21,2026-09-21,313.0,IATSE 2024 Hollywood Basic Agreement expires (2027-07-31),
2026-09-22,2026-09-22,312.0,IATSE 2024 Hollywood Basic Agreement expires (2027-07-31),
2026-09-23,2026-09-23,311.0,IATSE 2024 Hollywood Basic Agreement expires (2027-07-31),
2026-09-24,2026-09-24,310.0,IATSE 2024 Hollywood Basic Agreement expires (2027-07-31),
